codice_istat,comune,codice_catastale,codice_fiscale,sigla_provincia,codice_provincia,provincia,codice_regione,regione,ripartizione,nuts3,cap,multi_cap,pec,email,indirizzo,cap_sede,sito_web
023001,Affi,A061,00683030233,VR,023,Verona,05,Veneto,Nord-est,ITH31,37010,false,protocollo@pec.comune.affi.vr.it,servizi@comune.affi.vr.it,"Via Della Repubblica, 9",37010,www.comune.affi.vr.it
023002,Albaredo d'Adige,A137,00264700238,VR,023,Verona,05,Veneto,Nord-est,ITH31,37041,false,protocollo.albaredodadige@pec.it,urp@comune.albaredodadige.vr.it,"Piazza Vittorio Emanuele, 1",37041,www.comune.albaredodadige.vr.it
023003,Angiari,A292,82003290234,VR,023,Verona,05,Veneto,Nord-est,ITH31,37050,false,protocollo.angiari@legalmail.it,segreteria@comune.angiari.vr.it,Piazza Municipio N. 441,37050,www.comune.angiari.vr.it
023004,Arcole,A374,83002270235,VR,023,Verona,05,Veneto,Nord-est,ITH31,37040,false,arcole.vr@cert.ip-veneto.net,ecologia@comune.arcole.vr.it,"Piazza Marconi,1",37040,www.comunediarcole.it
023005,Badia Calavena,A540,83002470231,VR,023,Verona,05,Veneto,Nord-est,ITH31,37030,false,comune.badiacalavena@pec.it,protocollo@comune.badiacalavena.vr.it,Piazza Mercato 1,37030,www.comune.badiacalavena.vr.it
023006,Bardolino,A650,00345090237,VR,023,Verona,05,Veneto,Nord-est,ITH31,37011,false,comune.bardolino@legalmail.it,comune.urp@comune.bardolino.vr.it,Piazzetta San Gervaso 1,37011,www.comune.bardolino.vr.it
023007,Belfiore,A737,83000210233,VR,023,Verona,05,Veneto,Nord-est,ITH31,37050,false,belfiore.vr@pec.wmail.it,"","Piazza Della Repubblica, 10",37050,comune.belfiore.vr.it
023008,Bevilacqua,A837,82001750239,VR,023,Verona,05,Veneto,Nord-est,ITH31,37040,false,segreteria.bevilacqua@pec.comune.bevilacqua.vr.it,"",Via Roma 264,37040,www.comune.bevilacqua.vr.it
023009,Bonavigo,A964,00663500239,VR,023,Verona,05,Veneto,Nord-est,ITH31,37040,false,protocollo@pec.comune.bonavigo.vr.it,info@comune.bonavigo.vr.it,"Piazza Aquilina Lugo, 26",37040,www.comune.bonavigo.vr.it
023010,Boschi Sant'Anna,B070,00686570235,VR,023,Verona,05,Veneto,Nord-est,ITH31,37040,false,protocollo@pec.comune.boschisantanna.vr.it,info@comune.boschisantanna.vr.it,"Piazza Sant'Anna, 31",37040,www.comune.boschisantanna.vr.it
023011,Bosco Chiesanuova,B073,00668140239,VR,023,Verona,05,Veneto,Nord-est,ITH31,37021,false,comune.boscochiesanuova.vr@pecveneto.it,claudia.nottegar@comune.boscochiesanuova.vr.it,"Piazza Chiesa, 35",37021,www.comune.boscochiesanuova.vr.it
023012,Bovolone,B107,00659880231,VR,023,Verona,05,Veneto,Nord-est,ITH31,37051,false,protocollo@pec.comune.bovolone.vr.it,amministrazione@comune.bovolone.vr.it,"Piazza Scipioni, 1",37051,www.comune.bovolone.vr.it
023013,Brentino Belluno,B152,00659140230,VR,023,Verona,05,Veneto,Nord-est,ITH31,37020,false,comune.brentinobelluno@pec.it,amministrativo@comune.brentino.vr.it,"Piazza Zefferino Gelmetti, 1",37020,www.comune.brentino.vr.it
023014,Brenzone sul Garda,B154,00661110239,VR,023,Verona,05,Veneto,Nord-est,ITH31,37010,false,brenzone.vr@cert.ip-veneto.net,protocollo@comune.brenzone.vr.it,Via Venti Settembre 8,37010,www.comune.brenzone.vr.it
023015,Bussolengo,B296,00268250230,VR,023,Verona,05,Veneto,Nord-est,ITH31,37012,false,comune.bussolengo@cert.legalmail.it,"","Piazza Nuova, 14",37012,www.comune.bussolengo.vr.it
023016,Buttapietra,B304,80025180235,VR,023,Verona,05,Veneto,Nord-est,ITH31,37060,false,comune.buttapietra@halleycert.it,protocollo@comune.buttapietra.vr.it,Piazza QUATTRO NOVEMBRE N.1,37060,www.comune.buttapietra.vr.it
023017,Caldiero,B402,00252060231,VR,023,Verona,05,Veneto,Nord-est,ITH31,37042,false,protocollogenerale@pec.comune.caldiero.vr.it,info@comune.caldiero.vr.it,"Piazza Marcolungo, 19",37042,www.comune.caldiero.vr.it
023018,Caprino Veronese,B709,00414200238,VR,023,Verona,05,Veneto,Nord-est,ITH31,"37010,37013",true,comune.caprinoveronese.vr@pecveneto.it,"","Piazza Roma, 6",37013,www.comune.caprinoveronese.vr.it
023019,Casaleone,B886,00659900237,VR,023,Verona,05,Veneto,Nord-est,ITH31,37052,false,segreteria.comune.casaleone.vr@pecveneto.it,protocollo@comune.casaleone.vr.it,"Via Vittorio Veneto, N. 61",37052,www.comune.casaleone.vr.it
023020,Castagnaro,C041,82005890239,VR,023,Verona,05,Veneto,Nord-est,ITH31,37043,false,castagnaro.vr@cert.ip-veneto.net,protocollo@comunedicastagnaro.it,Via Dante Alighieri 210,37043,www.comunedicastagnaro.it
023021,Castel d'Azzano,C078,00659830236,VR,023,Verona,05,Veneto,Nord-est,ITH31,37060,false,casteldazzano@legalmail.it,info@comune.castel-d-azzano.vr.it,Via Castello 26,37060,www.comune.castel-d-azzano.vr.it
023022,Castelnuovo del Garda,C225,00667270235,VR,023,Verona,05,Veneto,Nord-est,ITH31,37014,false,castelnuovodg@legalmail.it,protocollo@castelnuovodg.it,"Piazza Degli Alpini, 4",37014,www.comune.castelnuovodelgarda.vr.it
023023,Cavaion Veronese,C370,81000830232,VR,023,Verona,05,Veneto,Nord-est,ITH31,37010,false,segreteria@pec.comunecavaion.it,segreteria@comunecavaion.it,"Piazza Fracastoro, 8",37010,https://www.comune.cavaionveronese.vr.it/it
023024,Cazzano di Tramigna,C412,00659190235,VR,023,Verona,05,Veneto,Nord-est,ITH31,37030,false,comune.cazzanoditramigna.vr@pecveneto.it,protocollo@comune.cazzanoditramigna.vr.it,"Piazza Giacomo Matteotti, 1",37030,www.comune.cazzanoditramigna.vr.it
023025,Cerea,C498,00659890230,VR,023,Verona,05,Veneto,Nord-est,ITH31,37053,false,comunecerea@halleypec.it,info@cerea.net,"v. XXV Aprile, 52",37053,www.cerea.net
023026,Cerro Veronese,C538,80007570239,VR,023,Verona,05,Veneto,Nord-est,ITH31,37020,false,comune.cerroveronese@pec.it,comune@comune.cerroveronese.vr.it,"Piazza Don Angelo Vinco, 4",37020,www.comune.cerroveronese.vr.it
023027,Cologna Veneta,C890,00234140234,VR,023,Verona,05,Veneto,Nord-est,ITH31,37044,false,colognaveneta.vr@cert.ip-veneto.net,"","Piazza Capitaniato, 1",37044,www.comune.cologna-veneta.vr.it
023028,Colognola ai Colli,C897,00267000230,VR,023,Verona,05,Veneto,Nord-est,ITH31,37030,false,colognolaaicolli.vr@cert.ip-veneto.net,protocollo@comunecolognola.it,"Piazzale Trento, 2",37030,www.comune.colognola.vr.it
023029,Concamarise,C943,82002330239,VR,023,Verona,05,Veneto,Nord-est,ITH31,37050,false,comune.concamarise@pec.it,areacontabile@comune.concamarise.vr.it,"Via Capitello, 1",37050,www.comune.concamarise.vr.it/
023030,Costermano sul Garda,D118,00650140239,VR,023,Verona,05,Veneto,Nord-est,ITH31,37010,false,comunecostermano@cert.ip-veneto.net,"","Piazza G.B. Ferrario, 1",37010,www.comunecostermano.it
023031,Dolcè,D317,00661130237,VR,023,Verona,05,Veneto,Nord-est,ITH31,37020,false,info@pec.comunedolce.it,area.contabile@comune.dolce.vr.it,"Via Trento,698",37020,www.comune.dolce.vr.it
023032,Erbè,D419,80015770235,VR,023,Verona,05,Veneto,Nord-est,ITH31,37060,false,erbe.vr@cert.ip-veneto.net,info@comune.erbe.vr.it,"Via Vittorio Emanuele, 2",37060,www.comune.erbe.vr.it
023033,Erbezzo,D420,00670360239,VR,023,Verona,05,Veneto,Nord-est,ITH31,37020,false,comune.erbezzo.vr@pecveneto.it,"",Via Roma N. 73,37020,www.comune.erbezzo.vr.it
023034,Ferrara di Monte Baldo,D549,81000130237,VR,023,Verona,05,Veneto,Nord-est,ITH31,37020,false,protocollo@comune.ferraradimontebaldo.legalmail.it,info@comune.ferraradimontebaldo.vr.it,"Piazza General Cantore, 12",37020,www.comune.ferraradimontebaldo.vr.it
023035,Fumane,D818,00658150230,VR,023,Verona,05,Veneto,Nord-est,ITH31,37022,false,fumane.vr@cert.ip-veneto.net,info@comunedifumane.it,"Viale Roma, 2",37022,www.comune.fumane.vr.it
023036,Garda,D915,00419930235,VR,023,Verona,05,Veneto,Nord-est,ITH31,37016,false,comune.garda@pec.it,finanziaria@comune.garda.vr.it,"Lungolago Regina Adelaide, 15",37016,www.comune.garda.vr.it
023037,Gazzo Veronese,D957,82002770236,VR,023,Verona,05,Veneto,Nord-est,ITH31,37060,false,segreteria@pec.comune.gazzo.vr.it,segreteria@comune.gazzo.vr.it,"Via Roma, 89",37060,www.comune.gazzo.vr.it
023038,Grezzana,E171,00405260233,VR,023,Verona,05,Veneto,Nord-est,ITH31,37023,false,protocollo.comune.grezzana.vr@pecveneto.it,info@comune.grezzana.vr.it,"Piazzetta Milite Ignoto, 1",37023,https://www.comune.grezzana.vr.it
023039,Illasi,E284,00233530237,VR,023,Verona,05,Veneto,Nord-est,ITH31,37031,false,protocollo.comune.illasi.vr@pecveneto.it,info@comune.illasi.vr.it,Piazza Della Liberta' N. 1,37031,www.comune.illasi.vr.it
023040,Isola della Scala,E349,00457160232,VR,023,Verona,05,Veneto,Nord-est,ITH31,37063,false,comune.isoladellascala.vr@pecveneto.it,info@comune.isoladellascala.vr.it,Via Vittorio Veneto 4,37063,www.comune.isoladellascala.vr.it
023041,Isola Rizza,E358,00660940230,VR,023,Verona,05,Veneto,Nord-est,ITH31,37050,false,ragioneria.isolarizza@legalmail.it,"","Via G. Marconi, 187",37050,www.comune.isolarizza.vr.it
023042,Lavagno,E489,00267720233,VR,023,Verona,05,Veneto,Nord-est,ITH31,37030,false,comune.lavagno.vr@pecveneto.it,info@comune.lavagno.vr.it,"Via Piazza, 4",37030,www.comune.lavagno.vr.it
023043,Lazise,E502,00413860230,VR,023,Verona,05,Veneto,Nord-est,ITH31,"37010,37017",true,comune.lazise.urp@halleypec.it,c.gasparini@comune.lazise.vr.it,"Piazza Vittorio Emanuele, 20",37017,www.comune.lazise.vr.it
023044,Legnago,E512,00597030238,VR,023,Verona,05,Veneto,Nord-est,ITH31,37045,false,legnago.vr@cert.ip-veneto.net,"","Via XX Settembre, 29",37045,www.comune.legnago.vr.it
023045,Malcesine,E848,00601160237,VR,023,Verona,05,Veneto,Nord-est,ITH31,37018,false,protocollo@pec.comunemalcesine.it,info@comunemalcesine.it,"Piazza Statuto, 1",37018,www.comunemalcesine.it
023046,Marano di Valpolicella,E911,80012760239,VR,023,Verona,05,Veneto,Nord-est,ITH31,37020,false,info@pec.comunemaranovalpolicella.vr.it,info@comunemaranovalp.it,"Via Porta, 1",37020,https://www.comune.maranodivalpolicella.vr.it/
023047,Mezzane di Sotto,F172,00596180232,VR,023,Verona,05,Veneto,Nord-est,ITH31,37030,false,protocollogenerale@pec.comune.mezzane.vr.it,segreteria@comune.mezzane.vr.it,"Via San Giovanni di Dio, 6",37030,www.comune.mezzane.vr.it
023048,Minerbe,F218,00345850234,VR,023,Verona,05,Veneto,Nord-est,ITH31,37046,false,comune.minerbe@halleypec.it,comune@comune.minerbe.vr.it,"Via Guglielmo Marconi, 41",37046,www.comune.minerbe.vr.it
023049,Montecchia di Crosara,F461,83000930236,VR,023,Verona,05,Veneto,Nord-est,ITH31,37030,false,protocollo.comune.montecchiadicrosara.vr@pecveneto.it,segreteria@comune.montecchiadicrosara.vr.it,Piazza Umberto I,37030,www.comune.montecchiadicrosara.vr.it
023050,Monteforte d'Alpone,F508,00278010236,VR,023,Verona,05,Veneto,Nord-est,ITH31,37032,false,pec@pec.comune.montefortedalpone.vr.it,info@comune.montefortedalpone.vr.it,"Piazza Silvio Venturi, 24",37032,www.comune.montefortedalpone.vr.it
023051,Mozzecane,F789,00354500233,VR,023,Verona,05,Veneto,Nord-est,ITH31,37060,false,protocollo@pec.comunemozzecane.it,"","Via C. Bon Brenzoni, 26",37060,https://www.comune.mozzecane.vr.it
023052,Negrar di Valpolicella,F861,00251080230,VR,023,Verona,05,Veneto,Nord-est,ITH31,"37020,37024",true,protocollo@pec.comunenegrar.it,settorefinanziario@comunenegrar.it,"Piazza Vittorio Emanuele, 37",37024,www.comunenegrar.it
023053,Nogara,F918,80009120231,VR,023,Verona,05,Veneto,Nord-est,ITH31,37054,false,comune.nogara.vr@halleypec.it,"","Via Falcone-Borsellino, 16",37054,www.comune.nogara.vr.it
023054,Nogarole Rocca,F921,00645290230,VR,023,Verona,05,Veneto,Nord-est,ITH31,37060,false,urp.nogarolerocca@legalmail.it,ragioneria@comune.nogarolerocca.vr.it,"Via Roma, 38",37060,www.comune.nogarolerocca.vr.it
023055,Oppeano,G080,80030260238,VR,023,Verona,05,Veneto,Nord-est,ITH31,37050,false,oppeano.vr@cert.ip-veneto.net,demografici@comune.oppeano.vr.it,"P.zza Gilberto Altichieri, 1",37050,www.comune.oppeano.vr.it
023056,Palù,G297,00689720233,VR,023,Verona,05,Veneto,Nord-est,ITH31,37050,false,palu@cert.ip-veneto.net,contabilita-scuola@comunepalu.it,"Via Roma, 29",37050,www.comune.palu.vr.it
023057,Pastrengo,G365,00721100238,VR,023,Verona,05,Veneto,Nord-est,ITH31,37010,false,protocollo.comune.pastrengo.vr@pecveneto.it,info@comune.pastrengo.vr.it,Piazza Carlo Alberto 1,37010,www.comune.pastrengo.vr.it
023058,Pescantina,G481,00661770230,VR,023,Verona,05,Veneto,Nord-est,ITH31,37026,false,pescantina.vr@cert.ip-veneto.net,protocollo@comune.pescantina.vr.it,Via Madonna 49,37026,www.comune.pescantina.vr.it
023059,Peschiera del Garda,G489,00245430236,VR,023,Verona,05,Veneto,Nord-est,ITH31,37019,false,comunepeschieradelgarda@pec.it,"",Piazza Betteloni 3,37019,www.comune.peschieradelgarda.vr.it
023060,Povegliano Veronese,G945,00658760236,VR,023,Verona,05,Veneto,Nord-est,ITH31,37064,false,poveglianoveronese.vr@cert.ip-veneto.net,protocollo@comune.poveglianoveronese.vr.it,"Piazza IV Novembre, 3",37064,www.comune.poveglianoveronese.vr.it
023061,Pressana,H048,00663220234,VR,023,Verona,05,Veneto,Nord-est,ITH31,37040,false,protocollo@pec.comune.pressana.vr.it,protocollo@comune.pressana.vr.it,Piazza Garibaldi 1,37040,www.comune.pressana.vr.it
023062,Rivoli Veronese,H356,81001170232,VR,023,Verona,05,Veneto,Nord-est,ITH31,37010,false,protocollo.comune.rivoli.vr@pecveneto.it,protocollo@comune.rivoli.vr.it,Piazza Napoleone I 3,37010,www.comune.rivoli.vr.it
023063,Roncà,H522,83001150230,VR,023,Verona,05,Veneto,Nord-est,ITH31,37030,false,protocollo.comune.ronca.vr@pecveneto.it,protocollo@comune.ronca.vr.it,"Piazza G. Marconi, 4",37030,https://comune.ronca.vr.it/home
023064,Ronco all'Adige,H540,80007680236,VR,023,Verona,05,Veneto,Nord-est,ITH31,37055,false,protocollo@pec.comune.roncoalladige.vr.it,protocollo@comune.roncoalladige.vr.it,Piazza Roma 1,37055,www.comune.roncoalladige.vr.it
023065,Roverchiara,H606,82002370235,VR,023,Verona,05,Veneto,Nord-est,ITH31,37050,false,protocollo.comune.roverchiara.vr@legalmail.it,"","Via Vittorio Veneto, 7",37050,www.comune.roverchiara.vr.it
023066,Roveredo di Guà,H610,00392460234,VR,023,Verona,05,Veneto,Nord-est,ITH31,37040,false,protocollo@pec.comune.roveredodigua.vr.it,info@comune.roveredodigua.vr.it,"Via Dante Alighieri, 10",37040,www.comune.roveredodigua.vr.it
023067,Roverè Veronese,H608,80010130237,VR,023,Verona,05,Veneto,Nord-est,ITH31,37028,false,comune.rovereveronese@pec.it,segreteria@comune.rovereveronese.vr.it,"Piazza Vittorio Emanuele, 12",37028,www.comune.rovereveronese.vr.it
023068,Salizzole,H714,00709050231,VR,023,Verona,05,Veneto,Nord-est,ITH31,37056,false,salizzole.vr@cert.ip-veneto.net,info@comune.salizzole.vr.it,"Piazza Castello, 1",37056,www.comune.salizzole.vr.it
023069,San Bonifacio,H783,00220240238,VR,023,Verona,05,Veneto,Nord-est,ITH31,37047,false,sanbonifacio.vr@cert.ip-veneto.net,"",Piazza Costituzione 4,37047,www.comune.sanbonifacio.vr.it
023070,San Giovanni Ilarione,H916,00540670239,VR,023,Verona,05,Veneto,Nord-est,ITH31,37035,false,protocollo@cert.comune.sangiovanniilarione.vr.it,protocollo@comune.sangiovanniilarione.vr.it,"P.zza Aldo Moro, 5",37035,www.comune.sangiovanniilarione.vr.it/
023071,San Giovanni Lupatoto,H924,00360350235,VR,023,Verona,05,Veneto,Nord-est,ITH31,37057,false,protocol.comune.sangiovannilupatoto.vr@pecveneto.it,"","Via Roma, 18",37057,https://www.comune.sangiovannilupatoto.vr.it
023072,Sanguinetto,H944,00661100230,VR,023,Verona,05,Veneto,Nord-est,ITH31,37058,false,comune.sanguinetto.vr@pecveneto.it,protocollo@comune.sanguinetto.vr.it,Via Interno Castello 2,37058,www.comune.sanguinetto.vr.it
023073,San Martino Buon Albergo,I003,00333790236,VR,023,Verona,05,Veneto,Nord-est,ITH31,37036,false,comune.sanmartinobuonalbergo.vr@pecveneto.it,posta@comunesanmartinobuonalbergo.it,"Piazza Del Popolo, 36",37036,www.comune.sanmartinobuonalbergo.vr.it
023074,San Mauro di Saline,H712,00669300238,VR,023,Verona,05,Veneto,Nord-est,ITH31,37030,false,comune.sanmaurodisaline.vr@pecveneto.it,segreteria@comune.sanmaurodisaline.vr.it,"Piazza G. Marconi, 1",37030,www.comune.sanmaurodisaline.vr.it
023075,San Pietro di Morubio,I105,82002650230,VR,023,Verona,05,Veneto,Nord-est,ITH31,37050,false,protocollo.sanpietromorubio@legalmail.it,"","Via Motta, 2",37050,www.comune.sanpietrodimorubio.vr.it
023076,San Pietro in Cariano,I109,00261520233,VR,023,Verona,05,Veneto,Nord-est,ITH31,37029,false,sanpietroincariano.vr@cert.ip-veneto.net,protocollo@comune.sanpietroincariano.vr.it,Via Chopin 3,37029,www.comune.sanpietroincariano.vr.it
023077,Sant'Ambrogio di Valpolicella,I259,00242770238,VR,023,Verona,05,Veneto,Nord-est,ITH31,37015,false,s.ambrogiovalp@postemailcertificata.it,"","Via Sengio,1",37015,www.comune.santambrogio.vr.it
023078,Sant'Anna d'Alfaedo,I292,00796760239,VR,023,Verona,05,Veneto,Nord-est,ITH31,37020,false,comune.santannadalfaedo.vr@pecveneto.it,protocollo@comune.santannadalfaedo.verona.it,Via Roma 4,37020,www.comune.santannadalfaedo.verona.it
023079,San Zeno di Montagna,I414,00414190231,VR,023,Verona,05,Veneto,Nord-est,ITH31,37010,false,sanzenodimontagna.vr@cert.ip-veneto.net,"",Contrada Ca' Montagna,37010,www.comunesanzenodimontagna.it
023080,Selva di Progno,I594,83001510235,VR,023,Verona,05,Veneto,Nord-est,ITH31,37030,false,segreteria.selva@pec.it,segreteria@comuneselvadiprogno.it,"Piazza Prof. B. G. Cappelletti, 1",37030,www.comune.selvadiprogno.vr.it
023081,Soave,I775,83000070231,VR,023,Verona,05,Veneto,Nord-est,ITH31,37038,false,soave.vr@cert.ip-veneto.net,info@comunesoave.it,"Via Giulio Camuzzoni, 8",37038,www.comune.soave.vr.it
023082,Sommacampagna,I821,00259810232,VR,023,Verona,05,Veneto,Nord-est,ITH31,"37060,37066",true,sommacampagna.vr@cert.ip-veneto.net,affari.generali@comune.sommacampagna.vr.it,Piazza Carlo Alberto 1,37066,www.comune.sommacampagna.vr.it/
023083,Sona,I826,00500760236,VR,023,Verona,05,Veneto,Nord-est,ITH31,37060,false,sona.vr@cert.ip-veneto.net,protocollo@comune.sona.vr.it,"Piazza Roma, 1",37060,www.comune.sona.vr.it
023084,Sorgà,I850,80010830232,VR,023,Verona,05,Veneto,Nord-est,ITH31,37060,false,protocollo.informatico@pec.comune.sorga.vr.it,"",Piazza Gen. Murari Bra' 1,37060,https://comune.sorga.vr.it/
023085,Terrazzo,L136,82001090230,VR,023,Verona,05,Veneto,Nord-est,ITH31,37040,false,comune.terrazzo@legalmail.it,segreteria@comune.terrazzo.vr.it,"Piazzale degli Alpini, 1",37040,www.comune.terrazzo.vr.it
023086,Torri del Benaco,L287,00661030239,VR,023,Verona,05,Veneto,Nord-est,ITH31,37010,false,torridelbenaco.vr@cert.ip-veneto.net,comune@comune.torridelbenaco.vr.it,Viale Fratelli Lavanda 3,37010,www.comune.torridelbenaco.vr.it
023087,Tregnago,L364,00265460238,VR,023,Verona,05,Veneto,Nord-est,ITH31,37039,false,comune.tregnago.vr@pecveneto.it,"","Piazza Abramo Massalongo, 1",37039,www.comune.tregnago.vr.it
023088,Trevenzuolo,L396,80015530233,VR,023,Verona,05,Veneto,Nord-est,ITH31,37060,false,protocollo@pec.comune.trevenzuolo.vr.it,segreteria@comune.trevenzuolo.vr.it,"Via Roma, 5",37060,www.comune.trevenzuolo.vr.it
023089,Valeggio sul Mincio,L567,00346630239,VR,023,Verona,05,Veneto,Nord-est,ITH31,37067,false,protocollo.comune.valeggiosulmincio.vr@pecveneto.it,info@comune.valeggiosulmincio.vr.it,p. Carlo Alberto 48,37067,www.comune.valeggiosulmincio.vr.it
023090,Velo Veronese,L722,00658400239,VR,023,Verona,05,Veneto,Nord-est,ITH31,37030,false,comune.velo@pec.it,info@comune.veloveronese.vr.it,"Piazza Della Vittoria, 8",37030,www.veloveronese.net
023091,Verona,L781,00215150236,VR,023,Verona,05,Veneto,Nord-est,ITH31,"37121,37122,37123,37124,37125,37126,37127,37128,37129,37131,37132,37133,37134,37135,37136,37137,37138,37139,37141,37142",true,protocollo.informatico@pec.comune.verona.it,"","Piazza Bra, 1",37121,www.comune.verona.it
023092,Veronella,D193,00323160234,VR,023,Verona,05,Veneto,Nord-est,ITH31,37040,false,protocollo@pec.comune.veronella.vr.it,info@comune.veronella.vr.it,"Piazza Marconi, 45",37040,www.comune.veronella.vr.it
023093,Vestenanova,L810,83001690235,VR,023,Verona,05,Veneto,Nord-est,ITH31,37030,false,comune.vestenanova@pec.it,anagrafe@comune.vestenanova.vr.it,"Piazza Roma, 1",37030,www.comune.vestenanova.vr.it
023094,Vigasio,L869,80014290235,VR,023,Verona,05,Veneto,Nord-est,ITH31,37068,false,vigasio.segreteria@halleycert.it,ragioneria.responsabile@comune.vigasio.vr.it,"Via Italo Montemezzi, 17",37068,www.comune.vigasio.vr.it
023095,Villa Bartolomea,L912,82000850238,VR,023,Verona,05,Veneto,Nord-est,ITH31,37049,false,segreteria.comune.villa-bartolomea@halleypec.it,protocollo@comune.villa-bartolomea.vr.it,"Corso Fraccaroli, 70",37049,www.comune.villa-bartolomea.vr.it
023096,Villafranca di Verona,L949,00232070235,VR,023,Verona,05,Veneto,Nord-est,ITH31,"37062,37069",true,protocollo.comune.villafranca.vr@pecveneto.it,"",Corso Giuseppe Garibaldi 24,37069,www.comune.villafranca.vr.it
023097,Zevio,M172,00660750233,VR,023,Verona,05,Veneto,Nord-est,ITH31,37059,false,zevio.vr@cert.ip-veneto.net,comunedizevio@comune.zevio.vr.it,"Via Ponte Perez, 2",37059,www.comune.zevio.vr.it
023098,Zimella,M178,00631830239,VR,023,Verona,05,Veneto,Nord-est,ITH31,37040,false,info@pec.comune.zimella.vr.it,info@zimella.com,"Piazza Marconi, 5",37040,www.comune.zimella.vr.it
024001,Agugliaro,A093,00543330245,VI,024,Vicenza,05,Veneto,Nord-est,ITH32,36020,false,segreteria@pec.comune.agugliaro.vi.it,"",Via Umberto I 2,36020,www.comune.agugliaro.vi.it
024002,Albettone,A154,00538020249,VI,024,Vicenza,05,Veneto,Nord-est,ITH32,36020,false,albettone.vi@cert.ip-veneto.net,protocollo@comune.albettone.vi.it,Via Piazza Umberto I n.3,36020,www.comune.albettone.vi.it
024003,Alonte,A220,00534310248,VI,024,Vicenza,05,Veneto,Nord-est,ITH32,36045,false,protocollo.comune.alonte.vi@pecveneto.it,"","Piazza Santa Savina, 9",36045,www.comune.alonte.vi.it
024004,Altavilla Vicentina,A231,00518900246,VI,024,Vicenza,05,Veneto,Nord-est,ITH32,36077,false,altavillavicentina.vi@cert.ip-veneto.net,segreteria@comune.altavillavicentina.vi.it,Piazza della Liberta' 1,36077,www.comune.altavillavicentina.vi.it
024005,Altissimo,A236,00519170245,VI,024,Vicenza,05,Veneto,Nord-est,ITH32,36070,false,protocollo.comune.altissimo.vi@pecveneto.it,anagrafe@comune.altissimo.vi.it,"Via Roma, 1",36070,www.comune.altissimo.vi.it
024006,Arcugnano,A377,00176710242,VI,024,Vicenza,05,Veneto,Nord-est,ITH32,36057,false,comune.arcugnano.vi@pecveneto.it,"",Piazza Mariano Rumor 15,36057,www.comune.arcugnano.vi.it
024007,Arsiero,A444,00294880240,VI,024,Vicenza,05,Veneto,Nord-est,ITH32,36011,false,comune.arsiero.vi@pecveneto.it,segreteria@comune.arsiero.vi.it,"Piazza F. Rossi, 6",36011,www.comune.arsiero.vi.it
024008,Arzignano,A459,00244950242,VI,024,Vicenza,05,Veneto,Nord-est,ITH32,36071,false,arzignano.vi@cert.ip-veneto.net,"",Piazza Liberta' 12,36071,www.comune.arzignano.vi.it
024009,Asiago,A465,84001350242,VI,024,Vicenza,05,Veneto,Nord-est,ITH32,36012,false,asiago.vi@cert.ip-veneto.net,comune@comune.asiago.vi.it,"Piazza Secondo Risorgimento, 6",36012,www.comune.asiago.vi.it
024010,Asigliano Veneto,A467,00466650249,VI,024,Vicenza,05,Veneto,Nord-est,ITH32,36020,false,asiglianoveneto.vi@cert.ip-veneto.net,m.dallago@unionecomunibassovicentino.it,Via IV Novembre 3,36020,www.comune.asiglianoveneto.vi.it/web/asiglianoveneto
024012,Bassano del Grappa,A703,00168480242,VI,024,Vicenza,05,Veneto,Nord-est,ITH32,36061,false,protocollo.comune.bassanodelgrappa@pecveneto.it,"","Via Giacomo Matteotti, 39",36061,www.comune.bassano.vi.it
024013,Bolzano Vicentino,A954,00524720240,VI,024,Vicenza,05,Veneto,Nord-est,ITH32,36050,false,comunebolzanovic@legalmail.it,"",Via Roma 2,36050,www.comune.bolzanovicentino.vi.it
024014,Breganze,B132,00254180243,VI,024,Vicenza,05,Veneto,Nord-est,ITH32,36042,false,breganze.vi@cert.ip-veneto.net,"","Piazza Mazzini, 49",36042,www.comune.breganze.vi.it
024015,Brendola,B143,00318760246,VI,024,Vicenza,05,Veneto,Nord-est,ITH32,36040,false,comune.brendola.vi@pecveneto.it,protocollo@comune.brendola.vi.it,Piazza Marconi 1,36040,www.comune.brendola.vi.it
024016,Bressanvido,B161,00522830249,VI,024,Vicenza,05,Veneto,Nord-est,ITH32,36050,false,comune.bressanvido.vi@pecveneto.it,"",Via Roma 42,36050,www.comune.bressanvido.vi.it
024017,Brogliano,B196,00267040244,VI,024,Vicenza,05,Veneto,Nord-est,ITH32,36070,false,prot.demografici.comune.brogliano.vi@pecveneto.it,lavoripubblici@comune.brogliano.vi.it,Piazza Roma N. 2,36070,www.comune.brogliano.vi.it
024018,Caldogno,B403,80007410246,VI,024,Vicenza,05,Veneto,Nord-est,ITH32,36030,false,caldogno.vi@cert.ip-veneto.net,segreteria@comune.caldogno.vi.it,"Via Dante Alighieri ,97",36030,www.comune.caldogno.vi.it
024019,Caltrano,B433,84000910244,VI,024,Vicenza,05,Veneto,Nord-est,ITH32,36030,false,comune.caltrano.vi@pecveneto.it,segreteria@comune.caltrano.vi.it,"Piazza Dante, 8",36030,www.comune.caltrano.vi.it
024020,Calvene,B441,84001990245,VI,024,Vicenza,05,Veneto,Nord-est,ITH32,36030,false,calvene.vi@cert.ip-veneto.net,tributi@comune.calvene.vi.it,Piazza Resistenza 1,36030,www.comune.calvene.vi.it
024021,Camisano Vicentino,B485,80007050240,VI,024,Vicenza,05,Veneto,Nord-est,ITH32,36043,false,comune.camisanovicentino@halleycert.it,protocollo@comune.camisanovicentino.vi.it,"Piazza Umberto I, 1",36043,www.comune.camisanovicentino.vi.it
024022,Campiglia dei Berici,B511,00543310247,VI,024,Vicenza,05,Veneto,Nord-est,ITH32,36020,false,campigliadeiberici.vi@cert.ip-veneto.net,"","Via Roma, 7",36020,https://comune.campigliadeiberici.vi.it/it
024024,Carrè,B835,00249160243,VI,024,Vicenza,05,Veneto,Nord-est,ITH32,36010,false,carre.vi@cert.ip-veneto.net,"","Piazza Quattro Novembre, 5",36010,www.comune.carre.vi.it
024025,Cartigliano,B844,00521900241,VI,024,Vicenza,05,Veneto,Nord-est,ITH32,36050,false,cartigliano.vi@cert.ip-veneto.net,ragioneria@comune.cartigliano.vi.it,Piazza Della Concordia 1,36050,www.comune.cartigliano.vi.it
024026,Cassola,C037,82000790244,VI,024,Vicenza,05,Veneto,Nord-est,ITH32,36022,false,protocollo@pec.comune.cassola.vi.it,protocollo@comune.cassola.vi.it,"Piazza Aldo Moro, 1",36022,www.comune.cassola.vi.it
024028,Castelgomberto,C119,00185650249,VI,024,Vicenza,05,Veneto,Nord-est,ITH32,36070,false,castelgomberto.vi@cert.ip-veneto.net,"","Piazza Marconi, 1",36070,www.comune.castelgomberto.vi.it
024029,Chiampo,C605,81000350249,VI,024,Vicenza,05,Veneto,Nord-est,ITH32,36072,false,protocollo.comune.chiampo.vi@pecveneto.it,"","Piazza Zanella, 42",36072,www.comune.chiampo.vi.it
024030,Chiuppano,C650,00336090246,VI,024,Vicenza,05,Veneto,Nord-est,ITH32,36010,false,chiuppano.vi@cert.ip-veneto.net,"","Piazza San Daniele, 1",36010,www.comune.chiuppano.vi.it
024032,Cogollo del Cengio,C824,84009900246,VI,024,Vicenza,05,Veneto,Nord-est,ITH32,36010,false,protocollo.comune.cogollodelcengio.vi@pecveneto.it,protocollo@comune.cogollodelcengio.vi.it,"Piazza della Liberta', 1",36010,www.comune.cogollodelcengio.vi.it
024034,Cornedo Vicentino,D020,00295160246,VI,024,Vicenza,05,Veneto,Nord-est,ITH32,36073,false,cornedovicentino.vi@cert.ip-veneto.net,"","Piazza Aldo Moro, 33",36073,www.comune.cornedo-vicentino.vi.it
024035,Costabissara,D107,80005270246,VI,024,Vicenza,05,Veneto,Nord-est,ITH32,36030,false,costabissara.vi@cert.ip-veneto.net,info@comune.costabissara.vi.it,"Piazza Vittorio Veneto, 29",36030,www.comune.costabissara.vi.it
024036,Creazzo,D136,00264180241,VI,024,Vicenza,05,Veneto,Nord-est,ITH32,36051,false,creazzo.vi@cert.ip-veneto.net,"","Piazza Del Comune, 6",36051,www.comune.creazzo.vi.it
024037,Crespadoro,D156,81000370247,VI,024,Vicenza,05,Veneto,Nord-est,ITH32,36070,false,comune.crespadoro@pec.it,"","Piazza Municipio, 3",36070,www.comune.crespadoro.vi.it
024038,Dueville,D379,95022910244,VI,024,Vicenza,05,Veneto,Nord-est,ITH32,36031,false,dueville.vi@cert.ip-veneto.net,info@comune.dueville.vi.it,p. Monza 1,36031,www.comune.dueville.vi.it
024039,Enego,D407,00460560246,VI,024,Vicenza,05,Veneto,Nord-est,ITH32,36052,false,enego.vi@cert.ip-veneto.net,info@comune.enego.vi.it,"Piazza San Marco, 1",36052,www.comune.enego.vi.it
024040,Fara Vicentino,D496,93004390246,VI,024,Vicenza,05,Veneto,Nord-est,ITH32,36030,false,faravicentino.vi@cert.ip-veneto.net,"",Piazza Arnaldi 1,36030,www.comune.faravicentino.vi.it
024041,Foza,D750,00537800245,VI,024,Vicenza,05,Veneto,Nord-est,ITH32,36010,false,foza.vi@cert.ip-veneto.net,anagrafe@comune.foza.vi.it,Via Roma 4,36010,www.comune.foza.vi.it
024042,Gallio,D882,84001130248,VI,024,Vicenza,05,Veneto,Nord-est,ITH32,36032,false,gallio.vi@cert.ip-veneto.net,"","Via Roma, 2",36032,www.comune.gallio.vi.it
024043,Gambellara,D897,80005710241,VI,024,Vicenza,05,Veneto,Nord-est,ITH32,36053,false,gambellara.vi@cert.ip-veneto.net,"",Piazza Papa Giovanni XXIII,36053,www.comune.gambellara.vi.it
024046,Grisignano di Zocco,E184,00564140242,VI,024,Vicenza,05,Veneto,Nord-est,ITH32,36040,false,grisignanodizocco.vi@cert.ip-veneto.net,ragioneria@comune.grisignano.vi.it,"Via Celotto, 2",36040,www.comune.grisignano.vi.it
024047,Grumolo delle Abbadesse,E226,80007250246,VI,024,Vicenza,05,Veneto,Nord-est,ITH32,36040,false,grumolodelleabbadesse.vi@cert.ip-veneto.net,anagrafe@comune.grumolodelleabbadesse.vi.it,Piazza Norma Cossetto,36040,www.comune.grumolodelleabbadesse.vi.it
024048,Isola Vicentina,E354,80014150249,VI,024,Vicenza,05,Veneto,Nord-est,ITH32,36033,false,isolavicentina.vi@cert.ip-veneto.net,segreteria@comune.isola-vicentina.vi.it,Via Marconi 14,36033,www.comune.isola-vicentina.vi.it
024049,Laghi,E403,83000550240,VI,024,Vicenza,05,Veneto,Nord-est,ITH32,36010,false,laghi.vi@cert.ip-veneto.net,info@comune.laghi.vi.it,Via Anton Burgmann N. 6,36010,www.comune.laghi.vi.it
024050,Lastebasse,E465,00577360241,VI,024,Vicenza,05,Veneto,Nord-est,ITH32,36040,false,lastebasse.vi@cert.ip-veneto.net,ragioneria@comune.lastebasse.vi.it,Via Roma 1,36040,www.comune.lastebasse.vi.it
024051,Longare,E671,00415090240,VI,024,Vicenza,05,Veneto,Nord-est,ITH32,36023,false,longare.vi@cert.ip-veneto.net,"","Via G. Marconi, 26",36023,www.comune.longare.vi.it
024052,Lonigo,E682,00412580243,VI,024,Vicenza,05,Veneto,Nord-est,ITH32,36045,false,segreteria.comune.lonigo.vi@pecveneto.it,segreteria@comune.lonigo.vi.it,Via Castelgiuncoli 5,36045,www.comune.lonigo.vi.it/
024053,Lugo di Vicenza,E731,84001250244,VI,024,Vicenza,05,Veneto,Nord-est,ITH32,36030,false,lugodivicenza.vi@cert.ip-veneto.net,info@comune.lugo.vi.it,"Piazza XXV Aprile, 28",36030,www.comune.lugo.vi.it
024055,Malo,E864,00249370248,VI,024,Vicenza,05,Veneto,Nord-est,ITH32,36034,false,malo.vi@cert.ip-veneto.net,info@comune.malo.vi.it,"Via San Bernardino, 19",36034,www.comune.malo.vi.it
024056,Marano Vicentino,E912,00267100246,VI,024,Vicenza,05,Veneto,Nord-est,ITH32,36035,false,comune.marano.vi@pecveneto.it,protocollo@comune.marano.vi.it,"Piazza Silva, 27",36035,www.comune.marano.vi.it
024057,Marostica,E970,82000830248,VI,024,Vicenza,05,Veneto,Nord-est,ITH32,36063,false,protocollo.comune.marostica.vi@pecveneto.it,"","Via Livio Tempesta, 17",36063,www.comune.marostica.vi.it
024060,Montebello Vicentino,F442,00288650245,VI,024,Vicenza,05,Veneto,Nord-est,ITH32,36054,false,montebellovicentino.vi@cert.ip-veneto.net,segreteria@comune.montebello.vi.it,Piazza Italia 1,36054,www.comune.montebello.vi.it
024061,Montecchio Maggiore,F464,00163690241,VI,024,Vicenza,05,Veneto,Nord-est,ITH32,36075,false,montecchiomaggiore.vi@cert.ip-veneto.net,comune@comune.montecchio-maggiore.vi.it,"v. Roma, 5",36075,www.comune.montecchio-maggiore.vi.it
024062,Montecchio Precalcino,F465,00428360242,VI,024,Vicenza,05,Veneto,Nord-est,ITH32,36030,false,comunemontecchioprecalcino.vi@legalmail.it,segreteria@comune.montecchioprecalcino.vi.it,"Viale Don M.Chilese, 14",36030,www.comune.montecchioprecalcino.vi.it
024063,Monte di Malo,F486,00152550240,VI,024,Vicenza,05,Veneto,Nord-est,ITH32,36030,false,montedimalo.vi@cert.ip-veneto.net,"",Via Europa 14,36030,www.comune.montedimalo.vi.it
024064,Montegalda,F514,00545030249,VI,024,Vicenza,05,Veneto,Nord-est,ITH32,36047,false,comune.montegalda.vi@pecveneto.it,ragioneria@comune.montegalda.vi.it,"P.zza Marconi, 40",36047,www.comune.montegalda.vi.it
024065,Montegaldella,F515,00546830241,VI,024,Vicenza,05,Veneto,Nord-est,ITH32,36047,false,montegaldella.vi@cert.ip-veneto.net,demografici@comune.montegaldella.vi.it,Via Roma 19,36047,www.comune.montegaldella.vi.it
024066,Monteviale,F662,00218540243,VI,024,Vicenza,05,Veneto,Nord-est,ITH32,36050,false,protocollo.comune.monteviale.vi@pecveneto.it,comune@comune.monteviale.vi.it,Via A. Cibele n. 15,36050,www.comune.monteviale.vi.it
024067,Monticello Conte Otto,F675,00522580240,VI,024,Vicenza,05,Veneto,Nord-est,ITH32,36010,false,urp.comune.monticello.vi@pecveneto.it,urp@comune.monticello.vi.it,"Via Roma, 1",36010,https://www.comune.monticello.vi.it
024068,Montorso Vicentino,F696,81000420240,VI,024,Vicenza,05,Veneto,Nord-est,ITH32,36050,false,montorsovicentino.vi@cert.ip-veneto.net,info@comune.montorsovicentino.vi.it,"Piazza G. Malenza, 39",36050,www.comune.montorsovicentino.vi.it
024070,Mussolente,F829,00262470248,VI,024,Vicenza,05,Veneto,Nord-est,ITH32,36065,false,protocollo@pec.comune.mussolente.vi.it,segreteria1@comune.mussolente.vi.it,Piazza Della Vittoria 2,36065,www.comune.mussolente.vi.it
024072,Nogarole Vicentino,F922,81001210244,VI,024,Vicenza,05,Veneto,Nord-est,ITH32,36070,false,comune.nogarolevicentino@pec.it,protocollo@comune.nogarolevicentino.vi.it,"Piazza G. Marconi, 1",36070,www.comune.nogarolevicentino.vi.it
024073,Nove,F957,00295870240,VI,024,Vicenza,05,Veneto,Nord-est,ITH32,36055,false,comune.nove@kpec.it,protocollo@comune.nove.vi.it,Piazza De Fabris 4,36055,www.comune.nove.vi.it
024074,Noventa Vicentina,F964,00480160241,VI,024,Vicenza,05,Veneto,Nord-est,ITH32,36025,false,comunenoventavicentina@cert.legalmail.it,cristinazanaica@comune.noventa-vicentina.vi.it,"Piazza IV Novembre, 1",36025,www.comune.noventa-vicentina.vi.it
024075,Orgiano,G095,00453590242,VI,024,Vicenza,05,Veneto,Nord-est,ITH32,36040,false,orgiano.vi@cert.ip-veneto.net,m.faedo@comune.orgiano.vi.it,"Via Roma, 9",36040,www.comune.orgiano.vi.it
024076,Pedemonte,G406,84001630247,VI,024,Vicenza,05,Veneto,Nord-est,ITH32,36040,false,pedemonte.vi@cert.ip-veneto.net,"",via Longhi 21/C,36040,www.comune.pedemonte.vi.it
024077,Pianezze,G560,00518190244,VI,024,Vicenza,05,Veneto,Nord-est,ITH32,36060,false,protocollo.pianezze.vi@cert.ip-veneto.net,"","P.zza IV Novembre, 11",36060,www.comune.pianezze.vi.it
024078,Piovene Rocchette,G694,83000930244,VI,024,Vicenza,05,Veneto,Nord-est,ITH32,36013,false,piovenerocchette.vi@cert.ip-veneto.net,"","Via Liberta', 82",36013,www.comune.piovene-rocchette.vi.it
024079,Pojana Maggiore,G776,00248950248,VI,024,Vicenza,05,Veneto,Nord-est,ITH32,36026,false,comune.pojanamaggiore.vi@pecveneto.it,"",Via Matteotti 49,36026,www.comune.poiana-maggiore.vi.it
024080,Posina,G931,83000430245,VI,024,Vicenza,05,Veneto,Nord-est,ITH32,36010,false,posina.vi@cert.ip-veneto.net,info@comune.posina.vi.it,Via Sareo 4,36010,www.comune.posina.vi.it
024081,Pove del Grappa,G943,91013460240,VI,024,Vicenza,05,Veneto,Nord-est,ITH32,36020,false,povedelgrappa.vi@cert.ip-veneto.net,"",Via Costantina 2,36020,www.comune.pove.vi.it
024082,Pozzoleone,G957,80007870241,VI,024,Vicenza,05,Veneto,Nord-est,ITH32,36050,false,comune.pozzoleone.vi@pecveneto.it,"","Via Roma, 5",36050,www.comune.pozzoleone.vi.it
024083,Quinto Vicentino,H134,80007810247,VI,024,Vicenza,05,Veneto,Nord-est,ITH32,36050,false,quintovicentino.vi@cert.ip-veneto.net,lavoripubblici@comune.quintovicentino.vi.it,"Piazza IV Novembre, 2",36050,www.comune.quintovicentino.vi.it
024084,Recoaro Terme,H214,00192560241,VI,024,Vicenza,05,Veneto,Nord-est,ITH32,36076,false,segreteria.comune.recoaroterme.vi@pecveneto.it,segreteria@comune.recoaroterme.vi.it,Via Roma 10,36076,www.comune.recoaroterme.vi.it
024085,Roana,H361,00256400243,VI,024,Vicenza,05,Veneto,Nord-est,ITH32,36010,false,comune.roana.vi@pecveneto.it,"","Canove Di Roana, Via Milano 32",36010,www.comune.roana.vi.it
024086,Romano d'Ezzelino,H512,00258950245,VI,024,Vicenza,05,Veneto,Nord-est,ITH32,36060,false,mail@pec.comune.romano.vi.it,info@comune.romano.vi.it,Via G Giardino 1,36060,www.comune.romano.vi.it
024087,Rosà,H556,00276370244,VI,024,Vicenza,05,Veneto,Nord-est,ITH32,36027,false,protocollo.comune.rosa.vi@pecveneto.it,info@comune.rosa.vi.it,"Piazza della Serenissima, 1",36027,https://www.comune.rosa.vi.it/it
024088,Rossano Veneto,H580,00261630248,VI,024,Vicenza,05,Veneto,Nord-est,ITH32,36028,false,rossanoveneto.vi@cert.ip-veneto.net,protocollo@comune.rossano.vi.it,Piazza Marconi 4,36028,https://www.comune.rossano.vi.it
024089,Rotzo,H594,84001030240,VI,024,Vicenza,05,Veneto,Nord-est,ITH32,36010,false,servizidemografici.comune.rotzo.vi@pecveneto.it,anagrafe@comune.rotzo.vi.it,"Via Roma, 49",36010,www.comune.rotzo.vi.it
024090,Salcedo,F810,84002530248,VI,024,Vicenza,05,Veneto,Nord-est,ITH32,36040,false,salcedo.vi@cert.ip-veneto.net,comune.salcedo@tiscalinet.it,"Via Roma, 4/C",36040,www.comune.salcedo.vi.it
024091,Sandrigo,H829,95026510248,VI,024,Vicenza,05,Veneto,Nord-est,ITH32,36066,false,sandrigo.vi@cert.ip-veneto.net,protocollo@comune.sandrigo.vi.it,"Piazza Matteotti, 10",36066,www.comune.sandrigo.vi.it
024094,San Pietro Mussolino,I117,81001390244,VI,024,Vicenza,05,Veneto,Nord-est,ITH32,36070,false,comune.sanpietromussolino.vi@pecveneto.it,ragioneria@comune.sanpietromussolino.vi.it,"Via Chiesa Nuova, 3",36070,www.comune.sanpietromussolino.vi.it
024095,Santorso,I353,00280750241,VI,024,Vicenza,05,Veneto,Nord-est,ITH32,36014,false,santorso.vi@cert.ip-veneto.net,elisa.sperotto@comune.santorso.vi.it,Piazza Aldo Moro 8,36014,www.comune.santorso.vi.it
024096,San Vito di Leguzzano,I401,00283120244,VI,024,Vicenza,05,Veneto,Nord-est,ITH32,36030,false,sanvitodileguzzano.vi@cert.ip-veneto.net,"","Piazza Marconi, 7",36030,www.comune.sanvitodileguzzano.vi.it
024097,Sarcedo,I425,00266420249,VI,024,Vicenza,05,Veneto,Nord-est,ITH32,36030,false,sarcedo.vi@cert.ip-veneto.net,info@comune.sarcedo.vi.it,Via Roma 17,36030,www.comune.sarcedo.vi.it
024098,Sarego,I430,80005610243,VI,024,Vicenza,05,Veneto,Nord-est,ITH32,36040,false,protocollo@pec.comune.sarego.vi.it,protocollo@comune.sarego.vi.it,"Piazza Umberto I, 8",36040,www.comune.sarego.vi.it
024099,Schiavon,I527,00522840248,VI,024,Vicenza,05,Veneto,Nord-est,ITH32,36060,false,protocollo.comune.schiavon.vi@pecveneto.it,protocollo@comune.schiavon.vi.it,"Piazza Risorgimento, 4",36060,www.comune.schiavon.vi.it
024100,Schio,I531,00402150247,VI,024,Vicenza,05,Veneto,Nord-est,ITH32,36015,false,schio.vi@cert.ip-veneto.net,info@comune.schio.vi.it,"Via Pasini, 33",36015,www.comune.schio.vi.it
024101,Solagna,I783,00459400248,VI,024,Vicenza,05,Veneto,Nord-est,ITH32,36020,false,solagna.vi@cert.ip-veneto.net,segreteria@comune.solagna.vi.it,"Via Iv Novembre, 43",36020,www.comune.solagna.vi.it
024102,Sossano,I867,80006390241,VI,024,Vicenza,05,Veneto,Nord-est,ITH32,36040,false,comune.sossano.vi@legalmail.it,r.gallo@comune.sossano.vi.it,Via Mazzini 2,36040,www.comune.sossano.vi.it
024104,Tezze sul Brenta,L156,91013510242,VI,024,Vicenza,05,Veneto,Nord-est,ITH32,36056,false,tezzesulbrenta.vi@cert.ip-veneto.net,info@comune.tezze.vi.it,Piazza Della Vittoria 1,36056,www.comune.tezze.vi.it
024105,Thiene,L157,00170360242,VI,024,Vicenza,05,Veneto,Nord-est,ITH32,36016,false,thiene.comune@pec.altovicentino.it,"",Piazza Ferrarin 1,36016,www.comune.thiene.vi.it
024106,Tonezza del Cimone,D717,00546000241,VI,024,Vicenza,05,Veneto,Nord-est,ITH32,36040,false,tonezzadelcimone.vi@cert.ip-veneto.net,"","Via Roma, 28",36040,www.comune.tonezzadelcimone.vi.it
024107,Torrebelvicino,L248,00178430245,VI,024,Vicenza,05,Veneto,Nord-est,ITH32,36036,false,torrebelvicino.vi@cert.ip-veneto.net,"","Piazza Aldo Moro, 7",36036,www.comune.torrebelvicino.vi.it
024108,Torri di Quartesolo,L297,00530900240,VI,024,Vicenza,05,Veneto,Nord-est,ITH32,36040,false,torridiquartesolo.vi@cert.ip-veneto.net,urp@comune.torridiquartesolo.vi.it,"v. Roma, 174",36040,www.comune.torridiquartesolo.vi.it
024110,Trissino,L433,00176730240,VI,024,Vicenza,05,Veneto,Nord-est,ITH32,36070,false,trissino.vi@cert.ip-veneto.net,protocollo@comune.trissino.vi.it,Piazza XXV Aprile,36070,www.comune.trissino.vi.it
024111,Valdagno,L551,00404250243,VI,024,Vicenza,05,Veneto,Nord-est,ITH32,36078,false,comune.valdagno@legalmail.it,"",Piazza del Comune n. 8,36078,www.comune.valdagno.vi.it
024112,Valdastico,L554,84001010242,VI,024,Vicenza,05,Veneto,Nord-est,ITH32,36040,false,valdastico.vi@cert.ip-veneto.net,uffcontabile@comune.valdastico.vi.it,"Largo Savoia, 1",36040,www.comune.valdastico.vi.it
024113,Valli del Pasubio,L624,00398190249,VI,024,Vicenza,05,Veneto,Nord-est,ITH32,36030,false,vallidelpasubio.vi@cert.ip-veneto.net,info@comune.vallidelpasubio.vi.it,"Via Bruno Brandellero, 46",36030,www.comune.vallidelpasubio.vi.it
024115,Velo d'Astico,L723,00460580244,VI,024,Vicenza,05,Veneto,Nord-est,ITH32,36010,false,velodastico.comune@pec.altovicentino.it,"","Piazza IV Novembre, 5",36010,www.comune.velodastico.vi.it
024116,Vicenza,L840,00516890241,VI,024,Vicenza,05,Veneto,Nord-est,ITH32,36100,false,vicenza@cert.comune.vicenza.it,"",Corso Palladio 98,36100,www.comune.vicenza.it
024117,Villaga,L952,00529770240,VI,024,Vicenza,05,Veneto,Nord-est,ITH32,36021,false,villaga.vi@cert.ip-veneto.net,ragioneria@comunevillaga.vi.it,Via G Verdi 32,36021,www.comune.villaga.vi.it
024118,Villaverla,M032,00241700244,VI,024,Vicenza,05,Veneto,Nord-est,ITH32,36030,false,villaverla.vi@cert.ip-veneto.net,"","Piazza Delle Fornaci, 1",36030,www.comune.villaverla.vi.it
024119,Zanè,M145,00241790245,VI,024,Vicenza,05,Veneto,Nord-est,ITH32,36010,false,comune.zane.demografici@pec.altovicentino.it,ufficio.anagrafe@comune.zane.vi.it,"Via G. Mazzini, 21",36010,www.comune.zane.vi.it
024120,Zermeghedo,M170,00539070243,VI,024,Vicenza,05,Veneto,Nord-est,ITH32,36050,false,comune.zermeghedo.vi@pecveneto.it,"","Piazza Regau', 1",36050,www.comune.zermeghedo.vi.it
024121,Zovencedo,M194,80006050241,VI,024,Vicenza,05,Veneto,Nord-est,ITH32,36020,false,zovencedo.vi@cert.ip-veneto.net,"","Via Roma, 6",36020,www.comune.zovencedo.vi.it
024122,Zugliano,M199,00236130241,VI,024,Vicenza,05,Veneto,Nord-est,ITH32,36030,false,zugliano.vi@cert.ip-veneto.net,"","Piazza Della Pace, 1",36030,www.comune.zugliano.vi.it
024123,Val Liona,M384,04078130244,VI,024,Vicenza,05,Veneto,Nord-est,ITH32,36040,false,comune.valliona.vi@pecveneto.it,protocollo@comune.valliona.vi.it,"Piazza Marconi, 1",36040,www.comune.valliona.vi.it
024124,Barbarano Mossano,M401,04139610242,VI,024,Vicenza,05,Veneto,Nord-est,ITH32,"36021,36024,36048",true,protocollo@pec.comune.barbaranomossano.vi.it,protocollo@comune.barbaranomossano.vi.it,"Piazza Roma, 35",36048,www.comune.barbaranomossano.vi.it
024125,Valbrenta,M423,04199270242,VI,024,Vicenza,05,Veneto,Nord-est,ITH32,"36020,36029",true,comune.valbrenta@legalmail.it,info@comune.valbrenta.vi.it,Piazza 4 NOVEMBRE 15,36020,https://www.comune.valbrenta.vi.it
024126,Colceresa,M426,04203260247,VI,024,Vicenza,05,Veneto,Nord-est,ITH32,"36060,36064",true,comune.colceresa.vi@cert.ip-veneto.net,"","Via G. Marconi, 56",36064,www.comune.colceresa.vi.it
024127,Lusiana Conco,M427,04203480241,VI,024,Vicenza,05,Veneto,Nord-est,ITH32,"36046,36062",true,comune.lusianaconco.vi@pecveneto.it,"","Viale Marco Poli, 2",36046,www.comune.lusianaconco.vi.it
024128,Sovizzo,M436,04506950247,VI,024,Vicenza,05,Veneto,Nord-est,ITH32,"36049,36050",true,sovizzo.vi@cert.ip-veneto.net,protocollo@comune.sovizzo.vi.it,Via CAVALIERI DI VITTORIO VENETO N. 21,36049,www.comune.sovizzo.vi.it/
024129,Castegnero Nanto,M439,"",VI,024,Vicenza,05,Veneto,Nord-est,ITH32,"36020,36024",true,comune.castegneronanto.vi@pecveneto.it,"",Via Mercato 43,36024,""
025001,Agordo,A083,00103340253,BL,025,Belluno,05,Veneto,Nord-est,ITH33,32021,false,comune.agordo.bl@pecveneto.it,agordo@comune.agordo.bl.it,Piazzale Guglielmo Marconi 1,32021,www.comune.agordo.bl.it
025003,Alleghe,A206,00145920252,BL,025,Belluno,05,Veneto,Nord-est,ITH33,32022,false,serv.amm.comune.alleghe.bl@pecveneto.it,alleghe@agordino.bl.it,"Corso Italia, 36",32022,www.comune.alleghe.bl.it
025004,Arsiè,A443,00207780255,BL,025,Belluno,05,Veneto,Nord-est,ITH33,32030,false,arsie.bl@cert.ip-veneto.net,arsie@comune.arsie.bl.it,Piazza Marconi N.1,32030,https://www.comune.arsie.bl.it/
025005,Auronzo di Cadore,A501,83000710257,BL,025,Belluno,05,Veneto,Nord-est,ITH33,32041,false,auronzo.bl@cert.ip-veneto.net,commercio@comune.auronzo.bl.it,"Via Roma, 24",32041,www.comune.auronzo.bl.it
025006,Belluno,A757,00132550252,BL,025,Belluno,05,Veneto,Nord-est,ITH33,32100,false,belluno.bl@cert.ip-veneto.net,protocollo@comune.belluno.it,"Piazza Duomo, 1",32100,www.comune.belluno.it
025007,Borca di Cadore,A982,00206250250,BL,025,Belluno,05,Veneto,Nord-est,ITH33,32040,false,borca.bl@cert.ip-veneto.net,comune@comune.borcadicadore.bl.it,Via Roma 82,32040,www.comune.borcadicadore.bl.it
025008,Calalzo di Cadore,B375,00194080255,BL,025,Belluno,05,Veneto,Nord-est,ITH33,32042,false,comune.calalzodicadore.bl@pecveneto.it,"",Piazza IV Novembre 12,32042,www.comune.calalzo.bl.it
025010,Cencenighe Agordino,C458,00173100256,BL,025,Belluno,05,Veneto,Nord-est,ITH33,32020,false,segreteria.comune.cencenighe.bl@pecveneto.it,"","Piazza Giovan Battista Pellegrini, 1",32020,www.comune.cencenigheagordino.bl.it
025011,Cesiomaggiore,C577,00203620257,BL,025,Belluno,05,Veneto,Nord-est,ITH33,32030,false,cesiomaggiore.bl@cert.ip-veneto.net,"","Piazza Mercato, 2",32030,www.comune.cesiomaggiore.bl.it
025012,Chies d'Alpago,C630,00206480253,BL,025,Belluno,05,Veneto,Nord-est,ITH33,32010,false,comune.chiesdalpago.bl@pecveneto.it,anagrafe@comune.chiesdalpago.bl.it,"Piazza Roma, 1",32010,www.comune.chiesdalpago.bl.it
025013,Cibiana di Cadore,C672,00206240251,BL,025,Belluno,05,Veneto,Nord-est,ITH33,32040,false,cibiana.bl@cert.ip-veneto.net,segreteria@comune.cibianadicadore.bl.it,"Via Masarie', 182",32040,www.comune.cibianadicadore.bl.it
025014,Colle Santa Lucia,C872,00208500256,BL,025,Belluno,05,Veneto,Nord-est,ITH33,32020,false,protocollo.comune.collesantalucia.bl@pecveneto.it,protocollo.slucia@agordino.bl.it,Via Villagrande 57,32020,www.comune.collesantalucia.bl.it
025015,Comelico Superiore,C920,83001030259,BL,025,Belluno,05,Veneto,Nord-est,ITH33,32040,false,comune.comelicosuperiore@pec.it,segr.comelico@cmcs.it,Via VI Novembre 43,32040,https://www.comune.comelicosuperiore.bl.it/it
025016,Cortina d'Ampezzo,A266,00087640256,BL,025,Belluno,05,Veneto,Nord-est,ITH33,32043,false,cortina@pec.comunecortinadampezzo.it,"","Corso Italia, 33",32043,www.comune.cortinadampezzo.bl.it
025017,Danta di Cadore,D247,83001190251,BL,025,Belluno,05,Veneto,Nord-est,ITH33,32040,false,comune.dantadicadore@pec.it,"","Via Roma, 19",32040,www.comune.dantadicadore.bl.it
025018,Domegge di Cadore,D330,00185910254,BL,025,Belluno,05,Veneto,Nord-est,ITH33,32040,false,protocollo.comune.domeggedicadore.bl@pecveneto.it,rag.domegge@cmcs.it,Via Roma N. 1,32040,http://www.comune.domeggedicadore.bl.it/
025019,Falcade,D470,80000430258,BL,025,Belluno,05,Veneto,Nord-est,ITH33,32020,false,protocollo.comune.falcade.bl@pecveneto.it,falcade@agordino.bl.it,"Piazza Municipio, 1",32020,www.comune.falcade.bl.it
025021,Feltre,D530,00133880252,BL,025,Belluno,05,Veneto,Nord-est,ITH33,32032,false,comune.feltre.bl@pecveneto.it,protocollo@comune.feltre.bl.it,"Piazzetta delle biade, 1",32032,www.comune.feltre.bl.it
025022,Fonzaso,D686,00207040254,BL,025,Belluno,05,Veneto,Nord-est,ITH33,32030,false,fonzaso.bl@cert.ip-veneto.net,personale.fonzaso@feltrino.bl.it,"Piazza I Novembre, 14",32030,http://www.comune.fonzaso.bl.it
025023,Canale d'Agordo,B574,00173090259,BL,025,Belluno,05,Veneto,Nord-est,ITH33,32020,false,comune.canale.bl@pecveneto.it,"",Piazza Papa Luciani 1,32020,www.comune.canaledagordo.bl.it
025025,Gosaldo,E113,00206570251,BL,025,Belluno,05,Veneto,Nord-est,ITH33,32020,false,comune.gosaldo.bl@pecveneto.it,gosaldo@agordino.bl.it,"Piazza Salvo D' Acquisto, 1",32020,www.comune.gosaldo.bl.it
025026,Lamon,E429,00204380257,BL,025,Belluno,05,Veneto,Nord-est,ITH33,32033,false,lamon@postemailcertificata.it,lamon@comune.lamon.bl.it,"Piazza 3 Novembre, 16",32033,www.comune.lamon.bl.it
025027,La Valle Agordina,E490,00103270252,BL,025,Belluno,05,Veneto,Nord-est,ITH33,32020,false,comune.lavalleagordina.bl@pecveneto.it,la.valle@agordino.bl.it,"Via Chiesa, 1",32020,www.comune.lavalleagordina.bl.it
025029,Limana,E588,00086680253,BL,025,Belluno,05,Veneto,Nord-est,ITH33,32020,false,limana.bl@cert.ip-veneto.net,protocollo@comune.limana.bl.it,"Via Roma, 90",32020,www.comune.limana.bl.it
025030,Livinallongo del Col di Lana,E622,00144460250,BL,025,Belluno,05,Veneto,Nord-est,ITH33,32020,false,sindaco.comune.livinallongo.bl@pecveneto.it,livinallongo@agordino.bl.it,"Via Pieve, 41",32020,www.comune.livinallongo.bl.it
025032,Lorenzago di Cadore,E687,00185950250,BL,025,Belluno,05,Veneto,Nord-est,ITH33,32040,false,comune.lorenzagodicadore.bl@pecveneto.it,segr.lorenzago@cmcs.it,"Via Faureana, 117",32040,www.comune.lorenzagodicadore.bl.it
025033,Lozzo di Cadore,E708,00185970258,BL,025,Belluno,05,Veneto,Nord-est,ITH33,32040,false,comune.lozzodicadore.bl@pecveneto.it,"","Via Padre Marino, 328",32040,www.comune.lozzodicadore.bl.it
025035,Ospitale di Cadore,G169,00212310254,BL,025,Belluno,05,Veneto,Nord-est,ITH33,32010,false,comune.ospitaledicadore.bl@pecveneto.it,ospitale@clz.bl.it,"Via Roma, 5",32010,www.comune.ospitaledicadore.bl.it
025036,Pedavena,G404,00161370259,BL,025,Belluno,05,Veneto,Nord-est,ITH33,32034,false,segreteria.pedavena.bl@pecveneto.it,"","Via Roma, 11",32034,www.comune.pedavena.bl.it
025037,Perarolo di Cadore,G442,00212300255,BL,025,Belluno,05,Veneto,Nord-est,ITH33,32010,false,perarolo.bl@cert.ip-veneto.net,rag.perarolo@cmcs.it,"Via Regina Margherita, 3",32010,www.comune.perarolodicadore.bl.it
025039,Pieve di Cadore,G642,00206500258,BL,025,Belluno,05,Veneto,Nord-est,ITH33,32044,false,pievedicadore.bl@cert.ip-veneto.net,"",Piazza Municipio N.18,32044,www.comune.pievedicadore.bl.it
025040,Ponte nelle Alpi,B662,00194880258,BL,025,Belluno,05,Veneto,Nord-est,ITH33,32014,false,comune@pec.pna.bl.it,urp@pna.bl.it,"Frazione Cadola, 52A",32014,www.comune.pontenellealpi.bl.it
025043,Rivamonte Agordino,H327,00149750259,BL,025,Belluno,05,Veneto,Nord-est,ITH33,32020,false,comune.rivamonteagordino.bl@pecveneto.it,rivamonte@agordino.bl.it,"Via Roma, 1",32020,www.comune.rivamonteagordino.bl.it
025044,Rocca Pietore,H379,00145870259,BL,025,Belluno,05,Veneto,Nord-est,ITH33,"32020,32023",true,comune.roccapietore.bl@pecveneto.it,anagrafe.rocca@agordino.bl.it,Localita' Capoluogo 2,32020,www.comune.roccapietore.bl.it
025045,San Gregorio nelle Alpi,H938,00203700257,BL,025,Belluno,05,Veneto,Nord-est,ITH33,32030,false,sangregorio.bl@cert.ip-veneto.net,segreteria@comune.sangregorionellealpi.bl.it,"Piazza Del Municipio,1",32030,www.comune.sangregorionellealpi.bl.it
025046,San Nicolò di Comelico,I063,00197180250,BL,025,Belluno,05,Veneto,Nord-est,ITH33,32040,false,comune.sannicolo.bl@pecveneto.it,anagrafe.sannicolo@cmcs.it,"Via Capoluogo, 7",32040,www.sannicolo.bl.it
025047,San Pietro di Cadore,I088,83002170252,BL,025,Belluno,05,Veneto,Nord-est,ITH33,32040,false,comune.sanpietrodicadore@pec.it,"",Piazza Roma 2,32040,https://www.comune.sanpietrodicadore.bl.it
025048,Santa Giustina,I206,00095070256,BL,025,Belluno,05,Veneto,Nord-est,ITH33,32035,false,comune.santagiustina.bl@pecveneto.it,segreteria@comune.santagiustina.bl.it,"Piazza Maggiore, 1",32035,www.comune.santagiustina.bl.it
025049,San Tomaso Agordino,I347,00207210253,BL,025,Belluno,05,Veneto,Nord-est,ITH33,32020,false,protocollo.comune.santomaso.bl@pecveneto.it,tecnico.santomaso@agordino.bl.it,"Frazione Celat, 16",32020,www.agordino.bl.it
025050,Santo Stefano di Cadore,C919,00184890259,BL,025,Belluno,05,Veneto,Nord-est,ITH33,32045,false,comune.santostefanodicadore@pec.it,"",Santo Stefano Di Cadore,32045,https://www.comune.santostefanodicadore.bl.it
025051,San Vito di Cadore,I392,00206310252,BL,025,Belluno,05,Veneto,Nord-est,ITH33,32046,false,sanvitocadore.bl@cert.ip-veneto.net,protocollo@comune.sanvitodicadore.bl.it,"Corso Italia, 43",32046,www.comune.sanvitodicadore.bl.it
025053,Sedico,I563,00176800258,BL,025,Belluno,05,Veneto,Nord-est,ITH33,32036,false,sedico.bl@cert.ip-veneto.net,"","Piazza Della Vittoria, 21",32036,www.comune.sedico.bl.it
025054,Selva di Cadore,I592,80005530250,BL,025,Belluno,05,Veneto,Nord-est,ITH33,32020,false,comune.selva.bl@pecveneto.it,protocollo.selva@agordino.bl.it,"Piazza San Lorenzo, 2",32020,www.comune.selvadicadore.bl.it
025055,Seren del Grappa,I626,00185930252,BL,025,Belluno,05,Veneto,Nord-est,ITH33,32030,false,seren.bl@cert.ip-veneto.net,"","Piazza T. Vecellio,19",32030,www.comune.serendelgrappa.bl.it
025056,Sospirolo,I866,00164110256,BL,025,Belluno,05,Veneto,Nord-est,ITH33,32037,false,sospirolo.bl@cert.ip-veneto.net,protocollo@comune.sospirolo.bl.it,"Via Della Costituzione, 91",32037,www.comune.sospirolo.bl.it
025057,Soverzene,I876,00206600256,BL,025,Belluno,05,Veneto,Nord-est,ITH33,32010,false,comune.soverzene.bl@pecveneto.it,protocollo@comune.soverzene.bl.it,Via Val Gallina 5,32010,https://www.comune.soverzene.bl.it/it
025058,Sovramonte,I673,00161060256,BL,025,Belluno,05,Veneto,Nord-est,ITH33,32030,false,sovramonte.bl@cert.ip-veneto.net,sovramonte@comune.sovramonte.bl.it,Frazione Servo 1,32030,http://www.comune.sovramonte.bl.it/
025059,Taibon Agordino,L030,80002540252,BL,025,Belluno,05,Veneto,Nord-est,ITH33,32027,false,comune.taibonagordino.bl@pecveneto.it,"","Piazzale 4 Novembre 1918, 1",32027,www.comune.taibonagordino.bl.it
025060,Tambre,L040,00204440259,BL,025,Belluno,05,Veneto,Nord-est,ITH33,32010,false,comune.tambre.bl@pecveneto.it,"",Piazza 11 Gennaio 1945 N. 1,32010,www.comune.tambre.bl.it
025062,Vallada Agordina,L584,80002490250,BL,025,Belluno,05,Veneto,Nord-est,ITH33,32020,false,comune.vallada.bl@pecveneto.it,vallada@agordino.bl.it,"F.ne Sachet, 33",32020,www.comune.valladaagordina.bl.it
025063,Valle di Cadore,L590,00203510250,BL,025,Belluno,05,Veneto,Nord-est,ITH33,32040,false,comune.valledicadore.bl@pecveneto.it,ragioneria@comune.valledicadore.bl.it,Piazza I Gennaio 1819 1,32040,www.comune.valledicadore.bl.it
025065,Vigo di Cadore,L890,00185980257,BL,025,Belluno,05,Veneto,Nord-est,ITH33,32040,false,comune.vigodicadore.bl@pecveneto.it,rag1.vigo@cmcs.it,"Piazza S. Orsola, 10",32040,www.comune.vigodicadore.bl.it
025066,Vodo Cadore,M108,00206230252,BL,025,Belluno,05,Veneto,Nord-est,ITH33,32040,false,vodocadore.bl@cert.ip-veneto.net,"","Via Nazionale, 19",32040,www.comune.vodo.bl.it
025067,Voltago Agordino,M124,00206050254,BL,025,Belluno,05,Veneto,Nord-est,ITH33,32020,false,comune.voltagoagordino.bl@pecveneto.it,"",Piazza Dante Alighieri 1,32020,www.comune.voltagoagordino.bl.it
025069,Zoppè di Cadore,M189,00206090250,BL,025,Belluno,05,Veneto,Nord-est,ITH33,32010,false,comune.zoppedicadore.bl@pecveneto.it,zoppe@clz.bl.it,Via Bortolot 19,32010,www.comune.zoppedicadore.bl.it
025071,Longarone,M342,01155460254,BL,025,Belluno,05,Veneto,Nord-est,ITH33,32013,false,comune.longarone.bl@pecveneto.it,protocollo@comune.longarone.bl.it,"Via Roma, 60",32013,www.comune.longarone.bl.it
025072,Alpago,M375,01184740254,BL,025,Belluno,05,Veneto,Nord-est,ITH33,"32010,32015,32016",true,alpago.bl@cert.ip-veneto.net,"","Via Roma - Pieve, 31",32010,www.comune.alpago.bl.it
025073,Val di Zoldo,M374,01184730255,BL,025,Belluno,05,Veneto,Nord-est,ITH33,"32010,32012",true,comune.valdizoldo.bl@pecveneto.it,daniela.defanti@clz.bl.it,"Piazza Giovanni Angelini, 1",32010,www.comune.valdizoldo.bl.it
025074,Borgo Valbelluna,M421,01225000254,BL,025,Belluno,05,Veneto,Nord-est,ITH33,"32020,32026,32028",true,borgovalbelluna.bl@cert.ip-veneto.net,"","Piazza Papa Luciani, 3",32026,www.comune.borgovalbelluna.bl.it
025075,Setteville,M437,91021680250,BL,025,Belluno,05,Veneto,Nord-est,ITH33,"32031,32038",true,comune.setteville@cert.ip-veneto.net,setteville@comune.setteville.bl.it,Piazza Guglielmo Marconi 1,32038,https://comune.setteville.bl.it/
026001,Altivole,A237,83002050264,TV,026,Treviso,05,Veneto,Nord-est,ITH34,31030,false,comunealtivole@legalmail.it,segreteria.protocollo@comune.altivole.tv.it,Via Roma 6,31030,www.comune.altivole.tv.it
026002,Arcade,A360,83004110264,TV,026,Treviso,05,Veneto,Nord-est,ITH34,31030,false,protocollo.comune.arcade.tv@pecveneto.it,"","Via Roma, 45",31030,www.comune.arcade.tv.it
026003,Asolo,A471,83001570262,TV,026,Treviso,05,Veneto,Nord-est,ITH34,31011,false,comune.asolo.tv@pecveneto.it,protocollo@comune.asolo.tv.it,Piazza G. D''Annunzio,31011,www.comune.asolo.tv.it
026004,Borso del Grappa,B061,83002130264,TV,026,Treviso,05,Veneto,Nord-est,ITH34,31030,false,protocollo.comune.borsodelgrappa.tv@pecveneto.it,protocollo@comune.borsodelgrappa.tv.it,"Piazza Guglielmo Marconi, 10",31030,www.comune.borsodelgrappa.tv.it
026005,Breda di Piave,B128,80006200267,TV,026,Treviso,05,Veneto,Nord-est,ITH34,31030,false,protocollo.comune.bredadipiave.tv@pecveneto.it,info@comunebreda.it,Via TRENTO TRIESTE 26,31030,www.comune.bredadipiave.tv.it
026006,Caerano di San Marco,B349,83003810260,TV,026,Treviso,05,Veneto,Nord-est,ITH34,31031,false,protocollo.comune.caerano.tv@pecveneto.it,"","Piazza Della Repubblica, 1",31031,www.comune.caerano-di-san-marco.tv.it
026007,Cappella Maggiore,B678,84000730261,TV,026,Treviso,05,Veneto,Nord-est,ITH34,31012,false,protocollo.comune.cappellamaggiore.tv@pecveneto.it,protocollo@comune.cappellamaggiore.tv.it,"Piazza Vittorio Veneto, 40",31012,www.comune.cappellamaggiore.tv.it
026008,Carbonera,B744,80006890265,TV,026,Treviso,05,Veneto,Nord-est,ITH34,"31030,31050",true,comune.carbonera.tv@pecveneto.it,"","Via Roma, 27",31030,www.comune.carbonera.tv.it
026009,Casale sul Sile,B879,80008210264,TV,026,Treviso,05,Veneto,Nord-est,ITH34,31032,false,comune.casalesulsile.tv@pecveneto.it,"","Via Vittorio Veneto, 23",31032,www.comunecasale.tv.it
026010,Casier,B965,80008130264,TV,026,Treviso,05,Veneto,Nord-est,ITH34,31030,false,comunecasier@pec.it,protocollo@comunecasier.it,"Piazza Leonardo Da Vinci, 16",31030,https://www.comune.casier.tv.it
026011,Castelcucco,C073,83002210264,TV,026,Treviso,05,Veneto,Nord-est,ITH34,31030,false,comune.castelcucco.tv@pecveneto.it,ragioneria@comune.castelcucco.tv.it,"Viale Giovanni XXIII, 2",31030,www.comune.castelcucco.tv.it
026012,Castelfranco Veneto,C111,00481880268,TV,026,Treviso,05,Veneto,Nord-est,ITH34,31033,false,comune.castelfrancoveneto.tv@pecveneto.it,comune@comune.castelfranco-veneto.tv.it,"Via F.M.Preti, 36",31033,www.comune.castelfranco-veneto.tv.it
026013,Castello di Godego,C190,81000410266,TV,026,Treviso,05,Veneto,Nord-est,ITH34,31030,false,protocollo.comune.castellodigodego.tv@pecveneto.it,"","Via G. Marconi, 58",31030,www.comune.castellodigodego.tv.it
026014,Cavaso del Tomba,C384,83002310262,TV,026,Treviso,05,Veneto,Nord-est,ITH34,31034,false,comune.cavasodeltomba.tv@pecit.it,protocollo@comune.cavaso.tv.it,"Via San Pio Decimo, 4",31034,www.comune.cavaso.tv.it
026015,Cessalto,C580,80011370261,TV,026,Treviso,05,Veneto,Nord-est,ITH34,31040,false,protocollo.comune.cessalto.tv@pecveneto.it,municipio@comune.cessalto.tv.it,"Piazza Martiri Della Liberta', 3",31040,www.comune.cessalto.tv.it
026016,Chiarano,C614,80011390269,TV,026,Treviso,05,Veneto,Nord-est,ITH34,31040,false,comune.chiarano.tv@pecveneto.it,info@comune.chiarano.tv.it,"Via G. Marconi, 21",31040,www.comune.chiarano.tv.it
026017,Cimadolmo,C689,80012110260,TV,026,Treviso,05,Veneto,Nord-est,ITH34,31010,false,protocollo.comune.cimadolmo.tv@pecveneto.it,"","Via Roma, 2",31010,www.comune.cimadolmo.tv.it
026018,Cison di Valmarino,C735,84000750269,TV,026,Treviso,05,Veneto,Nord-est,ITH34,31030,false,info@pec.comune.cisondivalmarino.tv.it,info@comune.cisondivalmarino.tv.it,"Piazza Roma, 1",31030,www.comune.cisondivalmarino.tv.it
026019,Codognè,C815,82002570263,TV,026,Treviso,05,Veneto,Nord-est,ITH34,31013,false,info.comune.codogne.tv@pecveneto.it,comune@comune.codogne.tv.it,"Via Roma, 2",31013,www.comune.codogne.tv.it
026020,Colle Umberto,C848,84000770267,TV,026,Treviso,05,Veneto,Nord-est,ITH34,31014,false,protocollo.comune.colleumberto.tv@pecveneto.it,ragioneria@comune.colle-umberto.tv.it,Via Dell' Abbazia 1,31014,www.comune.colle-umberto.tv.it
026021,Conegliano,C957,82002490264,TV,026,Treviso,05,Veneto,Nord-est,ITH34,31015,false,pec@comuneconegliano.legalmail.it,protocollo@comune.conegliano.tv.it,"Piazza Cima, 8",31015,www.comune.conegliano.tv.it
026022,Cordignano,C992,84000790265,TV,026,Treviso,05,Veneto,Nord-est,ITH34,31016,false,comune.cordignano@halleycert.it,posta@comune.cordignano.tv.it,"Via Vittorio Veneto, 2",31016,www.comune.cordignano.tv.it
026023,Cornuda,D030,83000710265,TV,026,Treviso,05,Veneto,Nord-est,ITH34,31041,false,protocollo.comune.cornuda.tv@pecveneto.it,"","P.za Giovanni XXIII, 1",31041,www.comune.cornuda.tv.it
026025,Crocetta del Montello,C670,00449960269,TV,026,Treviso,05,Veneto,Nord-est,ITH34,31035,false,protocollo.comune.crocetta.tv@pecveneto.it,"","Via S. Andrea, 1",31035,www.comune.crocetta.tv.it
026026,Farra di Soligo,D505,83003890262,TV,026,Treviso,05,Veneto,Nord-est,ITH34,"31010,31020",true,comune.farradisoligo.tv@pecveneto.it,protocollo@farra.it,Via Dei Patrioti 52,31010,www.comune.farradisoligo.tv.it
026027,Follina,D654,84000810261,TV,026,Treviso,05,Veneto,Nord-est,ITH34,31051,false,segreteria@comunefollina.legalmail.it,"","Via Sanavalle, 14",31051,www.comune.follina.tv.it
026028,Fontanelle,D674,80011410265,TV,026,Treviso,05,Veneto,Nord-est,ITH34,31043,false,posta@pec.comune.fontanelle.tv.it,info@comune.fontanelle.tv.it,"Piazza Guglielmo Marconi, 1",31043,www.comune.fontanelle.tv.it
026029,Fonte,D680,83002570261,TV,026,Treviso,05,Veneto,Nord-est,ITH34,31010,false,protocollo.comune.fonte.tv@pecveneto.it,protocollo@comune.fonte.tv.it,Via Monte Grappa 17,31010,www.comune.fonte.tv.it
026030,Fregona,D794,84002070260,TV,026,Treviso,05,Veneto,Nord-est,ITH34,31010,false,info.comune.fregona.tv@pecveneto.it,info@comune.fregona.tv.it,"Via Mezzavilla Centro, 1",31010,www.comune.fregona.tv.it
026031,Gaiarine,D854,82001070265,TV,026,Treviso,05,Veneto,Nord-est,ITH34,31018,false,gaiarine.tv@legalmail.it,info@comune.gaiarine.tv.it,"Piazza Vittorio Emanuele II, 9",31018,www.comune.gaiarine.tv.it
026032,Giavera del Montello,E021,01475140263,TV,026,Treviso,05,Veneto,Nord-est,ITH34,31040,false,segreteria@pec.comune.giavera.tv.it,info@comune.giavera.tv.it,"Piazza Donatori del Sangue, 6",31040,https://www.comune.giavera.tv.it
026033,Godega di Sant'Urbano,E071,82001250263,TV,026,Treviso,05,Veneto,Nord-est,ITH34,31010,false,comunegodega@pec.it,segreteria@comunegodega.tv.it,Via Roma N. 75,31010,www.comunegodega.tv.it
026034,Gorgo al Monticano,E092,80011430263,TV,026,Treviso,05,Veneto,Nord-est,ITH34,31040,false,comune.gorgoalmonticano.tv@pecveneto.it,info@comune.gorgoalmonticano.tv.it,"Via Postumia Centro, 77",31040,www.comune.gorgoalmonticano.tv.it
026035,Istrana,E373,80008050264,TV,026,Treviso,05,Veneto,Nord-est,ITH34,31036,false,istrana@pec.comune.istrana.tv.it,"","Via San Pio X, 15",31036,www.comune.istrana.tv.it
026036,Loria,E692,81003030269,TV,026,Treviso,05,Veneto,Nord-est,ITH34,31037,false,info@comuneloria.legalmail.it,"","Piazza Marconi, 1",31037,www.comune.loria.tv.it
026037,Mansuè,E893,80010730267,TV,026,Treviso,05,Veneto,Nord-est,ITH34,31040,false,comune.mansue.tv@pecveneto.it,protocollo@comune.mansue.tv.it,"Via Roma, 18",31040,www.comune.mansue.tv.it
026038,Mareno di Piave,E940,82006050262,TV,026,Treviso,05,Veneto,Nord-est,ITH34,31010,false,comune.marenodipiave.tv@pecveneto.it,info@comune.marenodipiave.tv.it,"Piazza Municipio, 13",31010,https://www.comune.marenodipiave.tv.it/
026039,Maser,F009,83002690267,TV,026,Treviso,05,Veneto,Nord-est,ITH34,31010,false,comune.maser.tv@pecveneto.it,"","Piazzale Municipio, 1",31010,www.comune.maser.tv.it
026040,Maserada sul Piave,F012,80007930268,TV,026,Treviso,05,Veneto,Nord-est,ITH34,31052,false,segreteria.comune.maserada.tv@pecveneto.it,protocollo@comune.maserada.tv.it,"Viale A Caccianiga, 77",31052,www.comune.maserada.tv.it
026041,Meduna di Livenza,F088,80012370260,TV,026,Treviso,05,Veneto,Nord-est,ITH34,31040,false,segreteria.comune.medunadilivenza.tv@pecveneto.it,"","Via Vittorio Emanuele, 13",31040,www.comune.medunadilivenza.tv.it
026042,Miane,F190,84000830269,TV,026,Treviso,05,Veneto,Nord-est,ITH34,31050,false,segreteria@comunedimiane.legalmail.it,demografici@comune.miane.tv.it,"Via Matteotti, 1",31050,https://www.comune.miane.tv.it/
026043,Mogliano Veneto,F269,00565860269,TV,026,Treviso,05,Veneto,Nord-est,ITH34,31021,false,protocollo.comune.mogliano-veneto.tv@pecveneto.it,"",Piazza Caduti 8,31021,www.comune.moglianoveneto.tv.it
026044,Monastier di Treviso,F332,80008690267,TV,026,Treviso,05,Veneto,Nord-est,ITH34,31050,false,segreteria.comune.monastier.tv@pecveneto.it,segretario@comune.monastier.tv.it,Via Pralongo 3,31050,https://www.comune.monastierditreviso.tv.it/home.html
026045,Monfumo,F360,83002850267,TV,026,Treviso,05,Veneto,Nord-est,ITH34,31010,false,comune.monfumo.tv@pecveneto.it,segreteria@comune.monfumo.tv.it,"Via Chiesa Monfumo, 12",31010,www.comune.monfumo.tv.it
026046,Montebelluna,F443,00471230268,TV,026,Treviso,05,Veneto,Nord-est,ITH34,31044,false,protocollo.comune.montebelluna.tv@pecveneto.it,protocollo@comune.montebelluna.tv.it,"Corso Mazzini, 118",31044,www.comune.montebelluna.tv.it
026047,Morgano,F725,80006320263,TV,026,Treviso,05,Veneto,Nord-est,ITH34,31050,false,segreteria.comune.morgano.tv@pecveneto.it,"","Piazza Indipendenza, 2",31050,www.comune.morgano.tv.it
026048,Moriago della Battaglia,F729,00486670268,TV,026,Treviso,05,Veneto,Nord-est,ITH34,31010,false,comune.moriago.tv@pecveneto.it,comune@comune.moriago.tv.it,"Piazza Della Vittoria, 14",31010,www.comune.moriago.tv.it
026049,Motta di Livenza,F770,80011450261,TV,026,Treviso,05,Veneto,Nord-est,ITH34,31045,false,comune.mottadilivenza.tv@pecveneto.it,"","Piazza Luzzatti, 1",31045,www.comune.mottadilivenza.tv.it
026050,Nervesa della Battaglia,F872,83001090261,TV,026,Treviso,05,Veneto,Nord-est,ITH34,31040,false,protocollo.comune.nervesa.tv@pecveneto.it,protocollo@comune.nervesa.tv.it,"Piazza La Piave, 1",31040,www.comune.nervesa.tv.it
026051,Oderzo,F999,00252240262,TV,026,Treviso,05,Veneto,Nord-est,ITH34,31046,false,protocollo.comune.oderzo.tv@pecveneto.it,segreteria@comune.oderzo.tv.it,"Via Garibaldi, 14",31046,www.comune.oderzo.tv.it
026052,Ormelle,G115,80011490267,TV,026,Treviso,05,Veneto,Nord-est,ITH34,31024,false,amministrativo@pec.comune.ormelle.tv.it,info@comune.ormelle.tv.it,Piazza Vittoria 20,31024,www.comune.ormelle.tv.it
026053,Orsago,G123,82001370269,TV,026,Treviso,05,Veneto,Nord-est,ITH34,31010,false,info.orsago@postecert.it,info.orsago@comune.orsago.tv.it,"Piazza Oberdan, 2",31010,www.comune.orsago.tv.it
026055,Paese,G229,00389950262,TV,026,Treviso,05,Veneto,Nord-est,ITH34,31038,false,posta.comune.paese.tv@pecveneto.it,"","Via Senatore Pellegrini, 4",31038,www.comune.paese.tv.it
026056,Pederobba,G408,83001210265,TV,026,Treviso,05,Veneto,Nord-est,ITH34,31040,false,protocollo.comune.pederobba.tv@pecveneto.it,ced@comune.pederobba.tv.it,"Piazza Case Rosse, 14",31040,www.comune.pederobba.tv.it
026057,Pieve di Soligo,G645,00445940265,TV,026,Treviso,05,Veneto,Nord-est,ITH34,31053,false,segreteria@pec.comune.pievedisoligo.tv.it,"","Piazza Vittorio Emanuele II, 1",31053,www.comune.pievedisoligo.tv.it
026058,Ponte di Piave,G846,80011510262,TV,026,Treviso,05,Veneto,Nord-est,ITH34,31047,false,protocollo.comune.pontedipiave.tv@pecveneto.it,"","Piazza Garibaldi, 1",31047,www.pontedipiave.com
026059,Ponzano Veneto,G875,00517500260,TV,026,Treviso,05,Veneto,Nord-est,ITH34,31050,false,comune.ponzanoveneto.tv@pecveneto.it,info@comune.ponzanoveneto.tv.it,Via Cicogna,31050,www.comune.ponzanoveneto.tv.it
026060,Portobuffolè,G909,80011530260,TV,026,Treviso,05,Veneto,Nord-est,ITH34,31040,false,protocollo.comune.portobuffole.tv@pecveneto.it,demografici@comune.portobuffole.tv.it,"Piazza Vittorio Emanuele II, 1",31040,www.comune.portobuffole.tv.it
026061,Possagno,G933,83002990261,TV,026,Treviso,05,Veneto,Nord-est,ITH34,31054,false,comune.possagno.tv@pecveneto.it,segreteria@comune.possagno.tv.it,"Piazza Antonio Canova, 1",31054,www.comune.possagno.tv.it
026062,Povegliano,G944,80008450266,TV,026,Treviso,05,Veneto,Nord-est,ITH34,31050,false,protocollo.comune.povegliano.tv@pecveneto.it,protocollo@comune.povegliano.tv.it,"Borgo San Daniele, 26",31050,www.comune.povegliano.tv.it
026063,Preganziol,H022,80010170266,TV,026,Treviso,05,Veneto,Nord-est,ITH34,31022,false,protocollo.comune.preganziol.tv@pecveneto.it,"","Piazza G. Gabbin, 1",31022,https://www.comune.preganziol.tv.it
026064,Quinto di Treviso,H131,80008290266,TV,026,Treviso,05,Veneto,Nord-est,ITH34,31055,false,comune.quintoditreviso.tv@pecveneto.it,protocollo@comune.quintoditreviso.tv.it,"Piazza Roma, 2",31055,www.comune.quintoditreviso.tv.it
026065,Refrontolo,H220,82001670262,TV,026,Treviso,05,Veneto,Nord-est,ITH34,31020,false,protocollo.comune.refrontolo.tv@pecveneto.it,protocollo@comunedirefrontolo.it,"Piazza Vittorio Emanuele, 1",31020,www.comune.refrontolo.tv.it
026066,Resana,H238,81000610261,TV,026,Treviso,05,Veneto,Nord-est,ITH34,31023,false,protocollo.comune.resana.tv@pecveneto.it,protocollo@comune.resana.tv.it,Via Castellana 2,31023,www.comune.resana.tv.it
026067,Revine Lago,H253,84000850267,TV,026,Treviso,05,Veneto,Nord-est,ITH34,31020,false,comune.revine-lago.tv@pecveneto.it,"","Strada Dei Laghi, 22",31020,www.comune.revine-lago.tv.it
026068,Riese Pio X,H280,81002490266,TV,026,Treviso,05,Veneto,Nord-est,ITH34,31039,false,comune.riesepiox.tv@pecveneto.it,"","Via Giuseppe Sarto, 31",31039,www.comune.riesepiox.tv.it
026069,Roncade,H523,80009430267,TV,026,Treviso,05,Veneto,Nord-est,ITH34,31056,false,roncade@comune.roncade.legalmail.it,info@comune.roncade.tv.it,"Via Roma, 53",31056,www.comune.roncade.tv.it/
026070,Salgareda,H706,80012290260,TV,026,Treviso,05,Veneto,Nord-est,ITH34,31040,false,comune.salgareda.tv@pecveneto.it,protocollo@comune.salgareda.tv.it,"Via Roma, 111",31040,www.comune.salgareda.tv.it
026071,San Biagio di Callalta,H781,80009250269,TV,026,Treviso,05,Veneto,Nord-est,ITH34,31048,false,protocollo.comune.sanbiagio.tv@pecveneto.it,protocollo@comune.sanbiagio.tv.it,Via Postumia Centro 71,31048,www.comune.sanbiagio.tv.it
026072,San Fior,H843,82002790267,TV,026,Treviso,05,Veneto,Nord-est,ITH34,31020,false,comune.sanfior.tv@pecveneto.it,protocollo@comune.san-fior.tv.it,"Piazza Guglielmo Marconi, 2",31020,www.comune.san-fior.tv.it
026073,San Pietro di Feletto,I103,00545580268,TV,026,Treviso,05,Veneto,Nord-est,ITH34,31020,false,segreteria.comune.sanpietrodifeletto.tv@pecveneto.it,protocollo@comune.sanpietrodifeletto.tv.it,"Via Marconi, 3",31020,www.comune.sanpietrodifeletto.tv.it
026074,San Polo di Piave,I124,80012050268,TV,026,Treviso,05,Veneto,Nord-est,ITH34,31020,false,comune.sanpolodipiave@legalmail.it,protocollo@comune.sanpolodipiave.tv.it,"Via Mura, 1",31020,www.comune.sanpolodipiave.tv.it
026075,Santa Lucia di Piave,I221,82002770269,TV,026,Treviso,05,Veneto,Nord-est,ITH34,31025,false,comune.santaluciadipiave.tv@pecveneto.it,info@comunesantalucia.it,"Piazza 28 Ottobre 1918, N 1",31025,www.comune.santaluciadipiave.tv.it
026076,San Vendemiano,I382,82001950268,TV,026,Treviso,05,Veneto,Nord-est,ITH34,31020,false,comune.sanvendemiano.tv@pecveneto.it,"","Via Alcide De Gasperi, 55",31020,www.comune.sanvendemiano.tv.it
026077,San Zenone degli Ezzelini,I417,83003130263,TV,026,Treviso,05,Veneto,Nord-est,ITH34,31020,false,protocollo.comune.sanzenonede.tv@pecveneto.it,protocollo@comune.sanzenone.tv.it,Via Roma 1,31020,www.comune.san-zenone.tv.it
026078,Sarmede,I435,84000870265,TV,026,Treviso,05,Veneto,Nord-est,ITH34,31026,false,comune.sarmede@pec.it,segreteria@comune.sarmede.tv.it,Via G. Marconi N. 2,31026,comune.sarmede.tv.it
026079,Segusino,I578,83003610264,TV,026,Treviso,05,Veneto,Nord-est,ITH34,31040,false,comune.segusino@halleypec.it,"","Corte Finadri, 1",31040,www.comune.segusino.tv.it
026080,Sernaglia della Battaglia,I635,00546910266,TV,026,Treviso,05,Veneto,Nord-est,ITH34,31020,false,comune.sernagliadellabattaglia.tv@pecveneto.it,comune@comune.sernaglia.tv.it,Piazza Martiri Della Liberta 1,31020,www.comune.sernaglia.tv.it
026081,Silea,F116,80007710264,TV,026,Treviso,05,Veneto,Nord-est,ITH34,31057,false,protocollo@comune.silea.legalmail.it,protocollo@comune.silea.tv.it,Via Don Giovanni Minzoni 12,31057,www.comune.silea.tv.it
026082,Spresiano,I927,00360180269,TV,026,Treviso,05,Veneto,Nord-est,ITH34,31027,false,comune.spresiano.tv@pecveneto.it,"",Piazza Luciano Rigo 10,31027,www.comune.spresiano.tv.it
026083,Susegana,L014,82002750261,TV,026,Treviso,05,Veneto,Nord-est,ITH34,"31010,31058",true,comune.susegana.tv@pecveneto.it,"",Piazza Martiri Della Liberta' 11,31058,www.comune.susegana.tv.it
026084,Tarzo,L058,84000890263,TV,026,Treviso,05,Veneto,Nord-est,ITH34,31020,false,protocollo.comune.tarzo.tv@pecveneto.it,ragioneria@comune.tarzo.tv.it,"Via Roma, 42",31020,www.comune.tarzo.tv.it
026085,Trevignano,L402,83001370267,TV,026,Treviso,05,Veneto,Nord-est,ITH34,31040,false,protocollo.trevignano@legalmail.it,protocollo@comune.trevignano.tv.it,"Piazza Municipio, 6",31040,www.comune.trevignano.tv.it
026086,Treviso,L407,80007310263,TV,026,Treviso,05,Veneto,Nord-est,ITH34,31100,false,postacertificata@cert.comune.treviso.it,"","Via Del Municipio, 16",31100,www.comune.treviso.it
026087,Valdobbiadene,L565,83004910267,TV,026,Treviso,05,Veneto,Nord-est,ITH34,31049,false,comune.valdobbiadene.tv@pecveneto.it,protocollo@comune.valdobbiadene.tv.it,p. Marconi 1,31049,www.comune.valdobbiadene.tv.it
026088,Vazzola,L700,82002690269,TV,026,Treviso,05,Veneto,Nord-est,ITH34,31028,false,comune.vazzola.tv@pecveneto.it,info@comune.vazzola.tv.it,Piazza V. Emanuele n.103,31028,www.comune.vazzola.tv.it
026089,Vedelago,L706,00208680264,TV,026,Treviso,05,Veneto,Nord-est,ITH34,31050,false,comune.vedelago.tv@pecveneto.it,comune@comune.vedelago.tv.it,Piazza Martiri Della Liberta' 16,31050,www.comune.vedelago.tv.it
026090,Vidor,L856,83003650260,TV,026,Treviso,05,Veneto,Nord-est,ITH34,31020,false,comunevidor.tv@legalmail.it,tributi@comune.vidor.tv.it,"Piazza Fausto Zadra, 1",31020,www.comune.vidor.tv.it/it
026091,Villorba,M048,80007530266,TV,026,Treviso,05,Veneto,Nord-est,ITH34,"31020,31050",true,protocollo.comune.villorba.tv@pecveneto.it,mail@comune.villorba.tv.it,"Piazza Umberto I, 19",31020,www.comune.villorba.tv.it
026092,Vittorio Veneto,M089,00486620263,TV,026,Treviso,05,Veneto,Nord-est,ITH34,31029,false,pec.comune.vittorioveneto.tv@pecveneto.it,"","Piazza Del Popolo, 14",31029,www.comune.vittorio-veneto.tv.it
026093,Volpago del Montello,M118,00529220261,TV,026,Treviso,05,Veneto,Nord-est,ITH34,31040,false,volpago@pec.comunevolpago.it,"","Piazza Ercole Bottani, 4",31040,www.comune.volpago-del-montello.tv.it
026094,Zenson di Piave,M163,80007430269,TV,026,Treviso,05,Veneto,Nord-est,ITH34,31050,false,comune.zensondipiave.tv@pecveneto.it,segreteria@comune.zensondipiave.tv.it,"Piazza 2 Giugno, 6",31050,www.comune.zensondipiave.tv.it
026095,Zero Branco,M171,80007390265,TV,026,Treviso,05,Veneto,Nord-est,ITH34,31059,false,legalmail@pec.comunezerobranco.it,segreteria@comunezerobranco.it,"Piazza Umberto I, 1",31059,www.comunezerobranco.it
026096,Pieve del Grappa,M422,92045530265,TV,026,Treviso,05,Veneto,Nord-est,ITH34,31017,false,comune.pievedelgrappa.tv@pecveneto.it,"","Iv Novembre, 31",31017,www.comune.pievedelgrappa.tv.it
027001,Annone Veneto,A302,83000830279,VE,227,Venezia,05,Veneto,Nord-est,ITH35,30020,false,comuneannoneveneto.ve@legalmail.it,segretario@comune.annoneveneto.ve.it,"Piazza Vittorio Veneto, 1",30020,www.comune.annoneveneto.ve.it
027002,Campagna Lupia,B493,00617710272,VE,227,Venezia,05,Veneto,Nord-est,ITH35,30010,false,protocollo.comune.campagnalupia.ve@pecveneto.it,protocollo@comune.campagnalupia.ve.it,"Via Repubblica, 34/36",30010,www.comune.campagnalupia.ve.it
027003,Campolongo Maggiore,B546,00661260273,VE,227,Venezia,05,Veneto,Nord-est,ITH35,30010,false,comune.campolongo.ve@pecveneto.it,amministrazione@comune.campolongo.ve.it,"Via Roma, 68",30010,www.comune.campolongo.ve.it
027004,Camponogara,B554,00662440270,VE,227,Venezia,05,Veneto,Nord-est,ITH35,30010,false,comune.camponogara@pec.tuni.it,protocollo@comune.camponogara.ve.it,p. Mazzini 1,30010,www.comune.camponogara.ve.it
027005,Caorle,B642,00321280273,VE,227,Venezia,05,Veneto,Nord-est,ITH35,"30020,30021",true,comune.caorle.ve@pecveneto.it,protocollo@comune.caorle.ve.it,"Via Roma, 26",30021,www.comune.caorle.ve.it
027006,Cavarzere,C383,00194510277,VE,227,Venezia,05,Veneto,Nord-est,ITH35,30014,false,comune@pec.comune.cavarzere.ve.it,"","Via Umberto I, 2",30014,www.comune.cavarzere.ve.it
027007,Ceggia,C422,00516530276,VE,227,Venezia,05,Veneto,Nord-est,ITH35,30022,false,protocollo.comune.ceggia.ve@pecveneto.it,borin.agnese@comune.ceggia.ve.it,"Piazza XIII Martiri, 1",30022,www.comune.ceggia.ve.it
027008,Chioggia,C638,00621100270,VE,227,Venezia,05,Veneto,Nord-est,ITH35,30015,false,chioggia@pec.chioggia.org,protocollo@chioggia.org,"Corso Del Popolo, 1193",30015,www.comune.chioggia.ve.it
027009,Cinto Caomaggiore,C714,83003710270,VE,227,Venezia,05,Veneto,Nord-est,ITH35,30020,false,protocollo.cm.cintocao.ve@pecveneto.it,"","Piazza San Biagio, 1",30020,www.comune.cinto.ve.it
027010,Cona,C938,00334010279,VE,227,Venezia,05,Veneto,Nord-est,ITH35,30010,false,comune.cona@pec.it,protocollo@comune.cona.ve.it,Piazza Cesare De Lotto N. 15,30010,www.comune.cona.ve.it
027011,Concordia Sagittaria,C950,00576720270,VE,227,Venezia,05,Veneto,Nord-est,ITH35,30023,false,comune.concordiasagittaria.ve@pecveneto.it,"","Via Roma, 55",30023,www.comune.concordiasagittaria.ve.it
027012,Dolo,D325,82001910270,VE,227,Venezia,05,Veneto,Nord-est,ITH35,30031,false,protocollo.comune.dolo.ve@pecveneto.it,protocollo@comune.dolo.ve.it,v. Benedetto Cairoli 39,30031,www.comune.dolo.ve.it
027013,Eraclea,D415,84002090276,VE,227,Venezia,05,Veneto,Nord-est,ITH35,30020,false,protocollo.comune.eraclea.ve@pecveneto.it,"",p. Garibaldi 54,30020,comune.eraclea.ve.it
027014,Fiesso d'Artico,D578,82002190278,VE,227,Venezia,05,Veneto,Nord-est,ITH35,30032,false,comunefiessodartico.ve@legalmail.it,segreteria@comune.fiessodartico.ve.it,"Piazza Marconi, 16",30032,www.comune.fiessodartico.ve.it
027015,Fossalta di Piave,D740,00703420273,VE,227,Venezia,05,Veneto,Nord-est,ITH35,30020,false,protocollo@pec.comune.fossaltadipiave.ve.it,protocollo@comune.fossaltadipiave.ve.it,"Piazza IV Novembre, 5",30020,www.comune.fossaltadipiave.ve.it
027016,Fossalta di Portogruaro,D741,83003590276,VE,227,Venezia,05,Veneto,Nord-est,ITH35,30025,false,protocol.comune.fossaltadiportogruaro.ve@pecveneto.it,info@comune.fossaltadiportogruaro.ve.it,"Piazza Risorgimento, 9",30025,www.comune.fossaltadiportogruaro.ve.it
027017,Fossò,D748,00661280271,VE,227,Venezia,05,Veneto,Nord-est,ITH35,30030,false,amministrazione@pec.comune.fosso.ve.it,urp@comune.fosso.ve.it,"Piazza Marconi, 3",30030,www.comune.fosso.ve.it
027018,Gruaro,E215,00311380273,VE,227,Venezia,05,Veneto,Nord-est,ITH35,30020,false,comune.gruaro.ve@pecveneto.it,area.amministrativa@comune.gruaro.ve.it,"Piazza Dal Ben, 9",30020,www.comune.gruaro.ve.it
027019,Jesolo,C388,00608720272,VE,227,Venezia,05,Veneto,Nord-est,ITH35,"30016,30017",true,comune.jesolo@legalmail.it,comunicazione@comune.jesolo.ve.it,"v. S. Antonio, 11",30016,www.comune.jesolo.ve.it
027020,Marcon,E936,82002050274,VE,227,Venezia,05,Veneto,Nord-est,ITH35,30020,false,protocollo.comune.marcon.ve@pecveneto.it,protocollo@comune.marcon.ve.it,p. Municipio 20,30020,www.comune.marcon.ve.it
027021,Martellago,E980,82003170279,VE,227,Venezia,05,Veneto,Nord-est,ITH35,30030,false,comune.martellago.ve@pecveneto.it,info@comune.martellago.ve.it,"Piazza Della Vittoria, 1",30030,https://www.comune.martellago.ve.it
027022,Meolo,F130,93001510275,VE,227,Venezia,05,Veneto,Nord-est,ITH35,30020,false,comune.meolo.ve@pecveneto.it,meolo@comune.meolo.ve.it,Piazza Martiri Della Liberta 1,30020,www.comune.meolo.ve.it
027023,Mira,F229,00368570271,VE,227,Venezia,05,Veneto,Nord-est,ITH35,30034,false,comune.mira.ve@pecveneto.it,info@comune.mira.ve.it,"Piazza IX Martiri, 3",30034,www.comune.mira.ve.it
027024,Mirano,F241,82002010278,VE,227,Venezia,05,Veneto,Nord-est,ITH35,30035,false,protocollo.comune.mirano.ve@pecveneto.it,"",Piazza Martiri 1,30035,www.comune.mirano.ve.it
027025,Musile di Piave,F826,00617480272,VE,227,Venezia,05,Veneto,Nord-est,ITH35,30024,false,comune.musiledipiave.ve@pecveneto.it,info@comune.musile.ve.it,"Piazza 18 giugno, 1",30024,https://www.comune.musile.ve.it
027026,Noale,F904,82002870275,VE,227,Venezia,05,Veneto,Nord-est,ITH35,30033,false,comune.noale.ve@legalmail.it,"","Piazza Castello, 18",30033,www.comune.noale.ve.it
027027,Noventa di Piave,F963,00624120275,VE,227,Venezia,05,Veneto,Nord-est,ITH35,30020,false,comune.noventadipiave.ve@pecveneto.it,michele.scaramal@comune.noventadipiave.ve.it,"Piazza G. Marconi, 1",30020,www.comune.noventadipiave.ve.it
027028,Pianiga,G565,90000660275,VE,227,Venezia,05,Veneto,Nord-est,ITH35,30030,false,segreteria@comune.pianiga.ve.legalmail.it,info@comune.pianiga.ve.it,"Piazza San Martino, 1",30030,www.comune.pianiga.ve.it
027029,Portogruaro,G914,00271750275,VE,227,Venezia,05,Veneto,Nord-est,ITH35,30026,false,comune.portogruaro.ve@pecveneto.it,urp@comune.portogruaro.ve.it,"Piazza Della Repubblica, 1",30026,www.comune.portogruaro.ve.it
027030,Pramaggiore,G981,83003010275,VE,227,Venezia,05,Veneto,Nord-est,ITH35,30020,false,protocollo.comune.pramaggiore.ve@pecveneto.it,"",Piazza Liberta' 1,30020,www.comune.pramaggiore.ve.it
027031,Quarto d'Altino,H117,84000970271,VE,227,Venezia,05,Veneto,Nord-est,ITH35,30020,false,comune.quartodaltino.ve@pecveneto.it,protocollo@comunequartodaltino.it,"Piazza S. Michele, 48",30020,www.comune.quartodaltino.ve.it
027032,Salzano,H735,82007420274,VE,227,Venezia,05,Veneto,Nord-est,ITH35,30030,false,comune.salzano.ve@pecveneto.it,info@comune.salzano.ve.it,"Via Roma, 166",30030,www.comune.salzano.ve.it
027033,San Donà di Piave,H823,00625230271,VE,227,Venezia,05,Veneto,Nord-est,ITH35,30027,false,protocollo.comune.sandonadipiave.ve@pecveneto.it,protocollo@sandonadipiave.net,"Piazza Indipendenza, 13",30027,www.sandonadipiave.net
027034,San Michele al Tagliamento,I040,00325190270,VE,227,Venezia,05,Veneto,Nord-est,ITH35,"30020,30028",true,comune.sanmichelealtagliamento.ve@pecveneto.it,info@comunesanmichele.it,"Piazza della Liberta', 2",30028,www.comune.sanmichelealtagliamento.ve.it
027035,Santa Maria di Sala,I242,00625620273,VE,227,Venezia,05,Veneto,Nord-est,ITH35,30036,false,santamariadisala@cert.legalmail.it,info@comune-santamariadisala.it,"Piazza XXV Aprile, 2",30036,www.comune-santamariadisala.it
027036,San Stino di Livenza,I373,83001230271,VE,227,Venezia,05,Veneto,Nord-est,ITH35,"30019,30029",true,comune.sanstinodilivenza.ve@pecveneto.it,"","Piazza Aldo Moro, 1",30029,www.comune.sanstinodilivenza.ve.it
027037,Scorzè,I551,82002430278,VE,227,Venezia,05,Veneto,Nord-est,ITH35,"30030,30037",true,comune.scorze.ve@pecveneto.it,"",Piazza Aldo Moro 1,30037,www.comune.scorze.ve.it
027038,Spinea,I908,82005610272,VE,227,Venezia,05,Veneto,Nord-est,ITH35,30038,false,protocollo.comune.spinea.ve@pecveneto.it,"","Piazza Municipio, 1",30038,www.comune.spinea.ve.it
027039,Stra,I965,82007270273,VE,227,Venezia,05,Veneto,Nord-est,ITH35,30039,false,protocollo.comune.stra.ve@pecveneto.it,stra@comune.stra.ve.it,Via Roma 1,30039,www.comune.stra.ve.it
027040,Teglio Veneto,L085,83003790272,VE,227,Venezia,05,Veneto,Nord-est,ITH35,30025,false,comune.teglioveneto.ve@pecveneto.it,protocollo@comune.teglioveneto.ve.it,"Via Roma, 9",30025,www.comune.teglioveneto.ve.it
027041,Torre di Mosto,L267,00617460274,VE,227,Venezia,05,Veneto,Nord-est,ITH35,30020,false,protocollo.comune.torredimosto.ve@pecveneto.it,protocollo@comune.torredimosto.ve.it,"Piazza Indipendenza, 1",30020,www.comune.torredimosto.ve.it
027042,Venezia,L736,00339370272,VE,227,Venezia,05,Veneto,Nord-est,ITH35,"30012,30030,30121,30122,30123,30124,30125,30126,30131,30132,30133,30135,30141,30142,30170,30171,30172,30173,30174,30175,30176",true,protocolloinformatico@pec.comune.venezia.it,"","San Marco, 4136",30100,www.comune.venezia.it
027043,Vigonovo,L899,82001670270,VE,227,Venezia,05,Veneto,Nord-est,ITH35,30030,false,protocollo.comune.vigonovo.ve@pecveneto.it,"","Via Veneto, 2",30030,www.comune.vigonovo.ve.it
027044,Cavallino-Treporti,M308,03129420273,VE,227,Venezia,05,Veneto,Nord-est,ITH35,30013,false,protocollo.comune.cavallinotreporti.ve@pecveneto.it,protocollo@comunecavallinotreporti.it,"Piazza Papa Giovanni Paolo II, 1",30013,https://www.comune.cavallinotreporti.ve.it/
028001,Abano Terme,A001,00556230282,PD,028,Padova,05,Veneto,Nord-est,ITH36,35031,false,abanoterme.pd@cert.ip-veneto.net,protocollo@abanoterme.net,"Piazza Caduti, 1",35031,www.comune.abanoterme.pd.it
028002,Agna,A075,80008770283,PD,028,Padova,05,Veneto,Nord-est,ITH36,35021,false,agna.pd@cert.ip-veneto.net,"","Via Roma, 28",35021,www.comune.agna.pd.it
028003,Albignasego,A161,80008790281,PD,028,Padova,05,Veneto,Nord-est,ITH36,35020,false,albignasego.pd@cert.ip-veneto.net,info@comune.albignasego.pd.it,"Via Milano, 7",35020,www.comune.albignasego.pd.it
028004,Anguillara Veneta,A296,80012420289,PD,028,Padova,05,Veneto,Nord-est,ITH36,35022,false,anguillaraveneta.pd@cert.ip-veneto.net,protocollo@comune.anguillaraveneta.pd.it,Piazza Alcide De Gasperi n. 7 35022 Anguillara Veneta,35022,www.comune.anguillaraveneta.pd.it
028005,Arquà Petrarca,A434,82005230287,PD,028,Padova,05,Veneto,Nord-est,ITH36,35032,false,arquapetrarca.pd@cert.ip-veneto.net,info@comune.arqua.pd.it,"Piazza San Marco, 1",35032,www.comune.arqua.pd.it
028006,Arre,A438,80008810287,PD,028,Padova,05,Veneto,Nord-est,ITH36,35020,false,arre.pd@legalmailpa.it,"","Via Roma, 94",35020,www.comune.arre.pd.it
028007,Arzergrande,A458,80008830285,PD,028,Padova,05,Veneto,Nord-est,ITH36,35020,false,arzergrande@postemailcertificata.it,"","Via Roma, 104",35020,www.comune.arzergrande.pd.it
028008,Bagnoli di Sopra,A568,00698340288,PD,028,Padova,05,Veneto,Nord-est,ITH36,35023,false,comune@pec.comune.bagnoli.pd.it,comune@comune.bagnoli.pd.it,Piazza Martiri d'Ungheria n. 1,35023,www.comune.bagnoli.pd.it
028009,Baone,A613,82004450282,PD,028,Padova,05,Veneto,Nord-est,ITH36,35030,false,baone.pd@cert.ip-veneto.net,info@comune.baone.pd.it,"Piazza XXV Aprile, 1",35030,www.comune.baone.pd.it
028010,Barbona,A637,82001970282,PD,028,Padova,05,Veneto,Nord-est,ITH36,35040,false,comune.barbona.pd@pecveneto.it,"",Via Roma 1,35040,www.comune.barbona.pd.it
028011,Battaglia Terme,A714,82002930285,PD,028,Padova,05,Veneto,Nord-est,ITH36,35041,false,battagliaterme.pd@cert.ip-veneto.net,info@comune.battaglia-terme.pd.it,"Via Alessandro Volta, 4",35041,www.comune.battaglia-terme.pd.it
028012,Boara Pisani,A906,82002770285,PD,028,Padova,05,Veneto,Nord-est,ITH36,35040,false,boarapisani.pd@cert.ip-veneto.net,"","Piazza Athesia, 2",35040,www.comune.boarapisani.pd.it
028013,Borgoricco,B031,80008850283,PD,028,Padova,05,Veneto,Nord-est,ITH36,35010,false,comune.borgoricco.pd@pecveneto.it,protocollo@comune.borgoricco.pd.it,"Viale Europa, 10",35010,www.comune.borgoricco.pd.it
028014,Bovolenta,B106,00650430283,PD,028,Padova,05,Veneto,Nord-est,ITH36,35024,false,comunebovolenta.pd@legalmailpa.it,"","Via Mazzini, 17",35024,www.comune.bovolenta.pd.it
028015,Brugine,B213,80017140288,PD,028,Padova,05,Veneto,Nord-est,ITH36,35020,false,brugine.pd@legalmailpa.it,anagrafe@comune.brugine.pd.it,Via Roma N. 48,35020,www.comune.brugine.pd.it
028016,Cadoneghe,B345,80008870281,PD,028,Padova,05,Veneto,Nord-est,ITH36,35010,false,cadoneghe.pd@cert.ip-veneto.net,comune@comune.cadoneghe.pd.it,"Piazza Insurrezione, 4",35010,https://comune.cadoneghe.pd.it
028017,Campodarsego,B524,80008910285,PD,028,Padova,05,Veneto,Nord-est,ITH36,35011,false,campodarsego.pd@cert.ip-veneto.net,protocollo@comune.campodarsego.pd.it,Piazza Europa 1,35011,www.comune.campodarsego.pd.it
028018,Campodoro,B531,80008930283,PD,028,Padova,05,Veneto,Nord-est,ITH36,35010,false,campodoro.pd@legalmailpa.it,segreteria@comune.campodoro.pd.it,"Via Municipio, 2",35010,www.comune.campodoro.pd.it
028019,Camposampiero,B563,80008970289,PD,028,Padova,05,Veneto,Nord-est,ITH36,35012,false,comune.camposampiero.pd@pecveneto.it,info@comune.camposampiero.pd.it,"Piazza Castello, 35",35012,www.comune.camposampiero.pd.it
028020,Campo San Martino,B564,01526860281,PD,028,Padova,05,Veneto,Nord-est,ITH36,35010,false,camposanmartino.pd@cert.ip-veneto.net,segreteria@comune.camposanmartino.pd.it,"Via E. Breda, 2",35010,www.comune.camposanmartino.pd.it
028021,Candiana,B589,80009110281,PD,028,Padova,05,Veneto,Nord-est,ITH36,35020,false,protocollo.comune.candiana.pd@pecveneto.it,protocollo@comune.candiana.pd.it,"Via Roma, 40",35020,www.comune.candiana.pd.it/
028023,Carmignano di Brenta,B795,81000410282,PD,028,Padova,05,Veneto,Nord-est,ITH36,35010,false,carmignanodibrenta.pd@cert.ip-veneto.net,protocollo@comune.carmignanodibrenta.pd.it,"Piazza Marconi, 1",35010,www.comune.carmignanodibrenta.pd.it
028026,Cartura,B848,80009210289,PD,028,Padova,05,Veneto,Nord-est,ITH36,35025,false,protocollo@cert.comune.cartura.pd.it,protocollo@comune.cartura.pd.it,"Piazza De Gasperi, 2/3",35025,www.comune.cartura.pd.it
028027,Casale di Scodosia,B877,00766480289,PD,028,Padova,05,Veneto,Nord-est,ITH36,35040,false,casalediscodosia.pd@cert.ip-veneto.net,segreteria@comune.casale-di-scodosia.pd.it,"Piazza G. Matteotti, 1",35040,www.comune.casale-di-scodosia.pd.it
028028,Casalserugo,B912,80009250285,PD,028,Padova,05,Veneto,Nord-est,ITH36,35020,false,casalserugo.pd@cert.ip-veneto.net,"","Piazza Aldo Moro, 1",35020,www.comune.casalserugo.pd.it/
028029,Castelbaldo,C057,82001830288,PD,028,Padova,05,Veneto,Nord-est,ITH36,35040,false,castelbaldo.pd@cert.ip-veneto.net,ufficiotecnico@comune.castelbaldo.pd.it,"Viale Matteotti, 11",35040,www.comune.castelbaldo.pd.it
028030,Cervarese Santa Croce,C544,80009270283,PD,028,Padova,05,Veneto,Nord-est,ITH36,35030,false,cervaresesantacroce.pd@cert.ip-veneto.net,"",Piazza A.Moro 9,35030,www.comune.cervarese.pd.it
028031,Cinto Euganeo,C713,82005110281,PD,028,Padova,05,Veneto,Nord-est,ITH36,35030,false,cintoeuganeo.pd@cert.ip-veneto.net,cinto@comune.cintoeuganeo.pd.it,"Via Roma, 20",35030,www.comune.cintoeuganeo.pd.it
028032,Cittadella,C743,81000370288,PD,028,Padova,05,Veneto,Nord-est,ITH36,35013,false,cittadella.pd@cert.ip-veneto.net,segrsindaco@comune.cittadella.pd.it,Via Indipendenza 41,35013,www.comune.cittadella.pd.it
028033,Codevigo,C812,80024660286,PD,028,Padova,05,Veneto,Nord-est,ITH36,35020,false,codevigo.pd@cert.ip-veneto.net,protocollo@comune.codevigo.pd.it,"Via Vittorio Emanuele III, 33",35020,www.comune.codevigo.pd.it
028034,Conselve,C964,80009330285,PD,028,Padova,05,Veneto,Nord-est,ITH36,35026,false,affari.generali@pec.comune.conselve.pd.it,admin.ced@comune.conselve.pd.it,Piazza XX Settembre 32,35026,www.comune.conselve.pd.it
028035,Correzzola,D040,80009410285,PD,028,Padova,05,Veneto,Nord-est,ITH36,35020,false,correzzola.pd@cert.ip-veneto.net,info@comune.correzzola.pd.it,Via G. Garibaldi n. 41,35020,www.comune.correzzola.pd.it
028036,Curtarolo,D226,80009430283,PD,028,Padova,05,Veneto,Nord-est,ITH36,35010,false,curtarolo.pd@cert.ip-veneto.net,urp@comune.curtarolo.pd.it,"Via Gorizia, 2",35010,www.comune.curtarolo.pd.it
028037,Este,D442,00647320282,PD,028,Padova,05,Veneto,Nord-est,ITH36,35042,false,este.pd@legalmailpa.it,polisportello@comune.este.pd.it,"p. Maggiore, 6",35042,www.comune.este.pd.it
028038,Fontaniva,D679,81000430280,PD,028,Padova,05,Veneto,Nord-est,ITH36,35014,false,fontaniva.pd@cert.ip-veneto.net,protocollo@comune.fontaniva.pd.it,"Piazza Umberto I, 1",35014,www.comune.fontaniva.pd.it
028039,Galliera Veneta,D879,81000450288,PD,028,Padova,05,Veneto,Nord-est,ITH36,35015,false,comune.gallieraveneta@halleycert.it,protocollo@comune.gallieraveneta.pd.it,"Via Roma, 174",35015,www.comune.gallieraveneta.pd.it
028040,Galzignano Terme,D889,82005250285,PD,028,Padova,05,Veneto,Nord-est,ITH36,35030,false,galzignanoterme.pd@cert.ip-veneto.net,info@comune.galzignanoterme.pd.it,"Piazza Marconi, 1",35030,www.comune.galzignanoterme.pd.it
028041,Gazzo,D956,81000470286,PD,028,Padova,05,Veneto,Nord-est,ITH36,35010,false,protocollo@pec.comune.gazzo.pd.it,protocollo@comune.gazzo.pd.it,"Piazza IV Novembre, 1",35010,www.comune.gazzo.pd.it
028042,Grantorto,E145,81000490284,PD,028,Padova,05,Veneto,Nord-est,ITH36,35010,false,grantorto.pd@legalmailpa.it,info@comune.grantorto.pd.it,Via Roma 18,35010,www.comune.grantorto.pd.it
028043,Granze,E146,82001730280,PD,028,Padova,05,Veneto,Nord-est,ITH36,35040,false,granze.pd@cert.ip-veneto.net,info@comune.granze.pd.it,Via Della Liberta' 247,35040,www.comune.granze.pd.it/
028044,Legnaro,E515,80013460284,PD,028,Padova,05,Veneto,Nord-est,ITH36,35020,false,legnaro.pd@cert.ip-veneto.net,affarigenerali@comune.legnaro.pd.it,"Piazza Costituzione, 1",35020,www.comune.legnaro.pd.it
028045,Limena,E592,00327150280,PD,028,Padova,05,Veneto,Nord-est,ITH36,35010,false,limena.pd@cert.ip-veneto.net,segreteria.generale@comune.limena.pd.it,"Via Roma, 44",35010,www.comune.limena.pd.it
028046,Loreggia,E684,80009470289,PD,028,Padova,05,Veneto,Nord-est,ITH36,35010,false,comune.loreggia.pd@pecveneto.it,affari.generali@comune.loreggia.pd.it,"Via Roma, 6",35010,www.comune.loreggia.pd.it
028047,Lozzo Atestino,E709,82001370285,PD,028,Padova,05,Veneto,Nord-est,ITH36,35034,false,comunelozzo.pd@legalmailpa.it,segreteria.protocollo@comune.lozzoatestino.pd.it,"Piazza Vittorio Emanuele II, 1",35034,www.comune.lozzoatestino.pd.it
028048,Maserà di Padova,F011,80009490287,PD,028,Padova,05,Veneto,Nord-est,ITH36,35020,false,comunemaseradipadova@legalmailpa.it,marta.deboni@comune.masera.pd.it,Piazza Municipio 41,35020,www.comune.masera.pd.it
028049,Masi,F013,82001470283,PD,028,Padova,05,Veneto,Nord-est,ITH36,35040,false,masi.pd@cert.ip-veneto.net,ufficio.ragioneria@comune.masi.pd.it,Piazza Liberta' n.1-3,35040,www.comune.masi.pd.it
028050,Massanzago,F033,80009530280,PD,028,Padova,05,Veneto,Nord-est,ITH36,35010,false,comune.massanzago.pd@pecveneto.it,"","Via Roma, 59",35010,www.comune.massanzago.pd.it
028052,Megliadino San Vitale,F092,00753980283,PD,028,Padova,05,Veneto,Nord-est,ITH36,35040,false,protocollo.comune.megliadinosv.pd@pecveneto.it,segreteria@comune.megliadinosanvitale.pd.it,"Piazza Matteotti, 8",35040,www.comune.megliadinosanvitale.pd.it
028053,Merlara,F148,82005590284,PD,028,Padova,05,Veneto,Nord-est,ITH36,35040,false,merlara.pd@cert.ip-veneto.net,protocollo@comune.merlara.pd.it,"Piazza Martiri Della Liberta', 9",35040,www.comune.merlara.pd.it
028054,Mestrino,F161,80009550288,PD,028,Padova,05,Veneto,Nord-est,ITH36,35035,false,protocollo.comune.mestrino.pd@pecveneto.it,"","Piazza IV Novembre, 30",35035,www.comune.mestrino.pd.it
028055,Monselice,F382,00654440288,PD,028,Padova,05,Veneto,Nord-est,ITH36,35043,false,monselice.pd@cert.ip-veneto.net,urp@comune.monselice.padova.it,"Piazza San Marco, 1",35043,www.comune.monselice.padova.it
028056,Montagnana,F394,00660400284,PD,028,Padova,05,Veneto,Nord-est,ITH36,35044,false,montagnana.pd@cert.ip-veneto.net,protocollo@comune.montagnana.pd.it,Via Carrarese N.14,35044,www.comune.montagnana.pd.it
028057,Montegrotto Terme,F529,80009590284,PD,028,Padova,05,Veneto,Nord-est,ITH36,35036,false,protocollo@pec.montegrotto.org,protocollo@montegrotto.org,"Piazza Roma, 1",35036,www.comune.montegrottoterme.pd.it
028058,Noventa Padovana,F962,80009610280,PD,028,Padova,05,Veneto,Nord-est,ITH36,35027,false,noventapadovana.pd@cert.ip-veneto.net,"","Via Roma, 4",35027,www.comune.noventa.pd.it
028059,Ospedaletto Euganeo,G167,82002370284,PD,028,Padova,05,Veneto,Nord-est,ITH36,35045,false,comune.ospedalettoeuganeo@certificata.com,"","Piazza S. Pertini, 8",35045,WWW.COMUNE.OSPEDALETTOEUGANEO.PD.IT
028060,Padova,G224,00644060287,PD,028,Padova,05,Veneto,Nord-est,ITH36,"35020,35121,35122,35123,35124,35125,35126,35127,35128,35129,35131,35132,35133,35134,35135,35136,35137,35138,35139,35141,35142,35143",true,protocollo.generale@pec.comune.padova.it,"",Via del Municipio 1,35122,www.comune.padova.it
028061,Pernumia,G461,00669550287,PD,028,Padova,05,Veneto,Nord-est,ITH36,35020,false,pernumia.pd@cert.ip-veneto.net,comune@comune.pernumia.pd.it,"Piazza Ruzante, 1",35020,www.comune.pernumia.pd.it
028062,Piacenza d'Adige,G534,82001950284,PD,028,Padova,05,Veneto,Nord-est,ITH36,35040,false,messo@pec.comune.piacenza-d-adige.pd.it,"",Piazza Caduti Liberta' 174,35040,https://www.comune.piacenza-d-adige.pd.it
028063,Piazzola sul Brenta,G587,80009670284,PD,028,Padova,05,Veneto,Nord-est,ITH36,35016,false,piazzolasulbrenta.pd@cert.ip-veneto.net,"","vle Silvestro Camerini,3",35016,www.comune.piazzolasulbrenta.pd.it/
028064,Piombino Dese,G688,80009710288,PD,028,Padova,05,Veneto,Nord-est,ITH36,35017,false,protocollo.comune.piombinodese.pd@pecveneto.it,"",Piazza Andrea Palladio 1,35017,www.comune.piombinodese.pd.it
028065,Piove di Sacco,G693,80009770282,PD,028,Padova,05,Veneto,Nord-est,ITH36,35028,false,polisportello@pec.comune.piove.pd.it,polisportello@comune.piove.pd.it,"Piazza Matteotti, 4",35028,www.comune.piovedisacco.pd.it
028066,Polverara,G802,80009830284,PD,028,Padova,05,Veneto,Nord-est,ITH36,35020,false,polverara.pd@cert.ip-veneto.net,segreteria@comune.polverara.pd.it,Piazza San Fidenzio 8,35020,www.comune.polverara.pd.it
028067,Ponso,G823,82002950283,PD,028,Padova,05,Veneto,Nord-est,ITH36,35040,false,ponso.pd@cert.ip-veneto.net,comune@comune.ponso.pd.it,"Via Vittorio, 33",35040,www.comune.ponso.pd.it
028068,Pontelongo,G850,80009850282,PD,028,Padova,05,Veneto,Nord-est,ITH36,35029,false,comunepontelongo.pd@legalmailpa.it,"","Via Roma, 271",35029,www.comune.pontelongo.pd.it
028069,Ponte San Nicolò,G855,00673730289,PD,028,Padova,05,Veneto,Nord-est,ITH36,35020,false,pontesannicolo.pd@cert.ip-veneto.net,"","Viale del Lavoro, 1",35020,www.comune.pontesannicolo.pd.it
028070,Pozzonovo,G963,00651940280,PD,028,Padova,05,Veneto,Nord-est,ITH36,35020,false,protocollo@pec.comune.pozzonovo.pd.it,ragioneria@comune.pozzonovo.pd.it,Via Roma N. 29,35020,www.comune.pozzonovo.pd.it/
028071,Rovolon,H622,80009910284,PD,028,Padova,05,Veneto,Nord-est,ITH36,35030,false,rovolon.pd@cert.ip-veneto.net,info@comune.rovolon.pd.it,"Piazza Marconi, 1",35030,www.comune.rovolon.pd.it
028072,Rubano,H625,80009970288,PD,028,Padova,05,Veneto,Nord-est,ITH36,35030,false,rubano.pd@cert.ip-veneto.net,"","Via A. Rossi, 11",35030,www.comune.rubano.pd.it
028073,Saccolongo,H655,80009990286,PD,028,Padova,05,Veneto,Nord-est,ITH36,35030,false,saccolongo.pd@cert.ip-veneto.net,protocollo@comune.saccolongo.pd.it,"Via Roma, 27",35030,www.comune.saccolongo.pd.it
028075,San Giorgio delle Pertiche,H893,00682290283,PD,028,Padova,05,Veneto,Nord-est,ITH36,35010,false,comune.sangiorgiodellepertiche.pd@pecveneto.it,protocollo@comune.sangiorgiodellepertiche.pd.it,Via della Canonica 4,35010,www.comune.sangiorgiodellepertiche.pd.it
028076,San Giorgio in Bosco,H897,00682280284,PD,028,Padova,05,Veneto,Nord-est,ITH36,35010,false,sangiorgioinbosco.pd@cert.ip-veneto.net,protocollo@comune.sangiorgioinbosco.pd.it,Vicolo Bembo,35010,www.comune.sangiorgioinbosco.pd.it
028077,San Martino di Lupari,I008,81000530287,PD,028,Padova,05,Veneto,Nord-est,ITH36,35018,false,sanmartinodilupari.pd@cert.ip-veneto.net,segreteria@comune.sanmartinodilupari.pd.it,Largo Europa N. 5,35018,www.comune.sanmartinodilupari.pd.it
028078,San Pietro in Gu,I107,81000550285,PD,028,Padova,05,Veneto,Nord-est,ITH36,35010,false,protocollo@pec.comune.sanpietroingu.pd.it,protocollo@comune.sanpietroingu.pd.it,"Piazza Prandina, 37",35010,www.comune.sanpietroingu.pd.it
028079,San Pietro Viminario,I120,00669560286,PD,028,Padova,05,Veneto,Nord-est,ITH36,35020,false,sanpietroviminario.pd@cert.ip-veneto.net,protocollo@comune.sanpietroviminario.pd.it,Via G. Marconi 26,35020,www.comune.sanpietroviminario.pd.it
028080,Santa Giustina in Colle,I207,80010030288,PD,028,Padova,05,Veneto,Nord-est,ITH36,35010,false,comune.sgcolle.pd@pecveneto.it,"",Piazza Dei Martiri 3,35010,www.comune.santa-giustina-in-colle.pd.it
028082,Sant'Angelo di Piove di Sacco,I275,80010070284,PD,028,Padova,05,Veneto,Nord-est,ITH36,35020,false,santangelodipiovedisacco.pd@cert.ip-veneto.net,ragioneria@comune.santangelodipiovedisacco.pd.it,Piazza IV Novembre 33,35020,www.comune.santangelodipiovedisacco.pd.it
028083,Sant'Elena,I319,82002850285,PD,028,Padova,05,Veneto,Nord-est,ITH36,35040,false,santelena.pd@cert.ip-veneto.net,"","Via XXVIII Aprile, 1",35040,www.comune.santelena.pd.it
028084,Sant'Urbano,I375,82001490281,PD,028,Padova,05,Veneto,Nord-est,ITH36,35040,false,comune.santurbano.pd@legalmail.it,info@comune.santurbano.pd.it,"Via Europa, 20",35040,www.comune.santurbano.pd.it
028085,Saonara,I418,80010090282,PD,028,Padova,05,Veneto,Nord-est,ITH36,35020,false,protocollo@pec.comune.saonara.pd.it,segreteria@comune.saonara.pd.it,"Piazza M. Borgato Soti, 11",35020,www.comune.saonara.pd.it
028086,Selvazzano Dentro,I595,80010110288,PD,028,Padova,05,Veneto,Nord-est,ITH36,35030,false,selvazzanodentro.pd@cert.ip-veneto.net,protocollo@comune.selvazzano-dentro.pd.it,Piazza Guido Puchetti 1,35030,www.comune.selvazzano-dentro.pd.it
028087,Solesino,I799,82005010283,PD,028,Padova,05,Veneto,Nord-est,ITH36,35047,false,solesino.pd@cert.ip-veneto.net,daniele.perugini@comunesolesino.it,Via 28 aprile 19,35047,https://www.comune.solesino.pd.it
028088,Stanghella,I938,82001410289,PD,028,Padova,05,Veneto,Nord-est,ITH36,35048,false,stanghella.pd@cert.ip-veneto.net,info@comune.stanghella.pd.it,Piazza R.O.Pighin 38,35048,www.comune.stanghella.pd.it
028089,Teolo,L100,80010150284,PD,028,Padova,05,Veneto,Nord-est,ITH36,35037,false,teolo.pd@cert.ip-veneto.net,"",V Euganea Treponti 34,35037,www.comune.teolo.pd.it
028090,Terrassa Padovana,L132,80026820284,PD,028,Padova,05,Veneto,Nord-est,ITH36,35020,false,terrassapadovana.pd@cert.ip-veneto.net,admin.ced@comune.conselve.pd.it,"Via Roma, 54",35020,www.comune.terrassa.pd.it/
028091,Tombolo,L199,81000570283,PD,028,Padova,05,Veneto,Nord-est,ITH36,35019,false,comunetombolo.pd@legalmailpa.it,info@comune.tombolo.pd.it,"Via Vittorio Veneto, 16",35019,www.comune.tombolo.pd.it
028092,Torreglia,L270,80019110289,PD,028,Padova,05,Veneto,Nord-est,ITH36,35038,false,comunetorreglia.pd@legalmail.it,"","L.go Marconi, 1",35038,www.comune.torreglia.pd.it
028093,Trebaseleghe,L349,80010250282,PD,028,Padova,05,Veneto,Nord-est,ITH36,35010,false,comune.trebaseleghe@postecert.it,comune@comune.trebaseleghe.pd.it,"Piazza Principe Di Piemonte, 12",35010,www.comune.trebaseleghe.pd.it
028094,Tribano,L414,00683160287,PD,028,Padova,05,Veneto,Nord-est,ITH36,35020,false,tribano.pd@cert.ip-veneto.net,"","Piazza Martiri Della Liberta', 6",35020,www.comune.tribano.pd.it
028095,Urbana,L497,82001250289,PD,028,Padova,05,Veneto,Nord-est,ITH36,35040,false,urbana.pd@cert.ip-veneto.net,anagrafe@comune.urbana.pd.it,Via Roma 409,35040,www.comune.urbana.pd.it
028096,Veggiano,L710,80010290288,PD,028,Padova,05,Veneto,Nord-est,ITH36,35030,false,protocollo@pec.comune.veggiano.pd.it,protocollo@comune.veggiano.pd.it,"Piazza F. Alberti, 1",35030,www.comune.veggiano.pd.it
028097,Vescovana,L805,82001130283,PD,028,Padova,05,Veneto,Nord-est,ITH36,35040,false,vescovana.pd@cert.ip-veneto.net,segreteria@comune.vescovana.pd.it,"Via Roma, 32",35040,www.comune.vescovana.pd.it
028099,Vigodarzere,L892,80010330282,PD,028,Padova,05,Veneto,Nord-est,ITH36,35010,false,vigodarzere.pd@cert.ip-veneto.net,protocollo@comune.vigodarzere.pd.it,Via Ca Pisani 74,35010,https://www.comune.vigodarzere.pd.it/it
028100,Vigonza,L900,80010350280,PD,028,Padova,05,Veneto,Nord-est,ITH36,35010,false,vigonza.pd@cert.ip-veneto.net,"",Via Cavour 16,35010,www.comune.vigonza.pd.it
028101,Villa del Conte,L934,80010370288,PD,028,Padova,05,Veneto,Nord-est,ITH36,35010,false,comune.villadelconte.pd@pecveneto.it,protocollo@comune.villa-del-conte.pd.it,Piazza Vittoria 12,35010,www.comune.villa-del-conte.pd.it
028102,Villa Estense,L937,82004910285,PD,028,Padova,05,Veneto,Nord-est,ITH36,35040,false,villaestense.pd@legalmailpa.it,segreteria@comune.villaestense.pd.it,Piazza A. Giuseppe Valentinelli N. 5,35040,www.comune.villaestense.pd.it
028103,Villafranca Padovana,L947,80016960280,PD,028,Padova,05,Veneto,Nord-est,ITH36,35010,false,villafrancapadovana.pd@cert.ip-veneto.net,protocollo@comune.villafranca.pd.it,"Piazza Marconi, 6",35010,www.comune.villafranca.pd.it
028104,Villanova di Camposampiero,L979,80010390286,PD,028,Padova,05,Veneto,Nord-est,ITH36,35010,false,comune.villanovadicamposampiero.pd@pecveneto.it,protocollo@comune.villanova.pd.it,"Via Caltana, 156",35010,www.comune.villanova.pd.it
028105,Vo',M103,82001170289,PD,028,Padova,05,Veneto,Nord-est,ITH36,35030,false,comune.vo.pd@pecveneto.it,info@comune.vo.pd.it,"Piazza Liberazione, 1",35030,www.comune.vo.pd.it
028106,Due Carrare,M300,00490180288,PD,028,Padova,05,Veneto,Nord-est,ITH36,35020,false,duecarrare.pd@cert.ip-veneto.net,amministrazione@comune.duecarrare.pd.it,"Via Roma, 74",35020,www.comune.duecarrare.pd.it
028107,Borgo Veneto,M402,05122030280,PD,028,Padova,05,Veneto,Nord-est,ITH36,"35040,35046",true,protocollo@pec.comune.borgoveneto.pd.it,"","Via Roma, 67",35046,http://www.comune.borgoveneto.pd.it/
028108,Santa Caterina d'Este,M438,05598790284,PD,028,Padova,05,Veneto,Nord-est,ITH36,35040,false,santacaterinadeste.pd@legalmailpa.it,info@comune.santacaterinadeste.pd.it,Via Roma 22,35040,www.comune.santacaterinadeste.pd.it
029001,Adria,A059,81002900298,RO,029,Rovigo,05,Veneto,Nord-est,ITH37,45011,false,protocollo.comune.adria.ro@pecveneto.it,"","Corso Vittorio Emanuele II, 49",45011,www.comune.adria.ro.it
029002,Ariano nel Polesine,A400,00197150295,RO,029,Rovigo,05,Veneto,Nord-est,ITH37,45012,false,protocollo.comune.arianonelpolesine.ro@pecveneto.it,segreteria@comune.arianonelpolesine.ro.it,"Piazza Garibaldi, 1",45012,www.comune.arianonelpolesine.ro.it
029003,Arquà Polesine,A435,00199870296,RO,029,Rovigo,05,Veneto,Nord-est,ITH37,45031,false,comune.arqua.ro@legalmail.it,info@comune.arqua.ro.it,"Via Roma, 6",45031,www.comune.arqua.ro.it
029004,Badia Polesine,A539,82000390292,RO,029,Rovigo,05,Veneto,Nord-est,ITH37,45021,false,segreteria.comune.badiapolesine.ro@pecveneto.it,segreteria@comune.badiapolesine.ro.it,"Piazza Vittorio Emanuele, 279",45021,www.comune.badiapolesine.ro.it/
029005,Bagnolo di Po,A574,82001890290,RO,029,Rovigo,05,Veneto,Nord-est,ITH37,45022,false,protocollo@pec.comune.bagnolodipo.ro.it,protocollo@comune.bagnolodipo.ro.it,"Piazza Marconi, 159",45022,https://www.comune.bagnolodipo.ro.it
029006,Bergantino,A795,83000410296,RO,029,Rovigo,05,Veneto,Nord-est,ITH37,45032,false,comune.bergantino.ro@pecveneto.it,"","Via V. Emanuele II, 107",45032,www.comune.bergantino.ro.it
029007,Bosaro,B069,00197200298,RO,029,Rovigo,05,Veneto,Nord-est,ITH37,45033,false,protocollo.comune.bosaro.ro@legalmail.it,segreteria-protocollo@comune.bosaro.ro.it,"Piazza Madonna San Luca, 9",45033,www.comune.bosaro.ro.it
029008,Calto,B432,00197650294,RO,029,Rovigo,05,Veneto,Nord-est,ITH37,45030,false,comune.calto.ro@pecveneto.it,demografici@comune.calto.ro.it,Piazza IV Novembre 165,45030,www.comune.calto.ro.it
029009,Canaro,B578,00210190294,RO,029,Rovigo,05,Veneto,Nord-est,ITH37,45034,false,canaro.ro@cert.ip-veneto.net,segreteria@comune.canaro.ro.it,Piazza Venti Settembre 137,45034,www.comune.canaro.ro.it
029010,Canda,B582,00197210297,RO,029,Rovigo,05,Veneto,Nord-est,ITH37,45020,false,comune.canda.ro@pecveneto.it,ufficioragioneria@comune.canda.ro.it,"Via Guglielmo Marconi, 47",45020,www.comune.canda.ro.it
029011,Castelguglielmo,C122,00225690296,RO,029,Rovigo,05,Veneto,Nord-est,ITH37,45020,false,protocollo.comune.castelguglielmo.ro@pecveneto.it,info@comune.castelguglielmo.ro.it,Piazza Vittorio Veneto 19,45020,www.comune.castelguglielmo.ro.it
029012,Castelmassa,C207,00192730299,RO,029,Rovigo,05,Veneto,Nord-est,ITH37,45035,false,comune.castelmassa@pec.it,"","Piazza Vittorio Veneto, 1",45035,www.comune.castelmassa.ro.it
029013,Castelnovo Bariano,C215,00200150290,RO,029,Rovigo,05,Veneto,Nord-est,ITH37,45030,false,protocollo.comune.castelnovobariano.ro@pecveneto.it,info@comune.castelnovobariano.ro.it,Via Municipale 1,45030,www.comune.castelnovobariano.ro.it
029014,Ceneselli,C461,83000950291,RO,029,Rovigo,05,Veneto,Nord-est,ITH37,45030,false,segreteria.comune.ceneselli.ro@pecveneto.it,ceneselli@comune.ceneselli.ro.it,"Piazza G. Marconi, 1",45030,www.comune.ceneselli.ro.it
029015,Ceregnano,C500,00197780299,RO,029,Rovigo,05,Veneto,Nord-est,ITH37,45010,false,protocollo.comune.ceregnano.ro@pecveneto.it,info@comune.ceregnano.ro.it,"Piazza Guglielmo Marconi, 1",45010,www.comune.ceregnano.ro.it
029017,Corbola,C987,81000290296,RO,029,Rovigo,05,Veneto,Nord-est,ITH37,45015,false,comune.corbola.ro@legalmail.it,"","Piazza Martiri, 107",45015,www.comune.corbola.ro.it/web/corbola
029018,Costa di Rovigo,D105,00197530298,RO,029,Rovigo,05,Veneto,Nord-est,ITH37,45023,false,protocollo.comune.costadirovigo.ro@pecveneto.it,"","Via Scardona,2",45023,www.comune.costadirovigo.ro.it
029019,Crespino,D161,00192710291,RO,029,Rovigo,05,Veneto,Nord-est,ITH37,45030,false,segreteria.comune.crespino.ro@pecveneto.it,"",Piazza Fetonte 35,45030,www.comune.crespino.ro.it
029021,Ficarolo,D568,00202660296,RO,029,Rovigo,05,Veneto,Nord-est,ITH37,45036,false,protocollo.comune.ficarolo.ro@pecveneto.it,info@comune.ficarolo.ro.it,"Via C. Battisti, 139",45036,www.comune.ficarolo.ro.it
029022,Fiesso Umbertiano,D577,00197230295,RO,029,Rovigo,05,Veneto,Nord-est,ITH37,45024,false,info@pec.comunefiessoro.it,segreteria@comune.fiessoumbertiano.ro.it,"Via Verdi, 230",45024,www.comune.fiessoumbertiano.ro.it
029023,Frassinelle Polesine,D776,00199310293,RO,029,Rovigo,05,Veneto,Nord-est,ITH37,45030,false,comune.frassinellepolesine.ro@pecveneto.it,protocollo@comune.frassinelle-polesine.ro.it,Piazza Del Popolo N. 56/14,45030,www.comune.frassinelle-polesine.ro.it
029024,Fratta Polesine,D788,82000450294,RO,029,Rovigo,05,Veneto,Nord-est,ITH37,45025,false,comune.frattapolesine@legalmail.it,info@comune.frattapolesine.ro.it,Via G. Tasso 37,45025,www.comune.frattapolesine.ro.it
029025,Gaiba,D855,00202320297,RO,029,Rovigo,05,Veneto,Nord-est,ITH37,45030,false,info@pec.comune.gaiba.ro.it,"","Via Provinciale, 38",45030,www.comune.gaiba.ro.it
029026,Gavello,D942,00192720290,RO,029,Rovigo,05,Veneto,Nord-est,ITH37,45010,false,protocollogavello@pcert.postecert.it,ufficiodemografico@comune.gavello.ro.it,"Piazza XX Settembre, 3",45010,www.comune.gavello.ro.it
029027,Giacciano con Baruchella,E008,82000470292,RO,029,Rovigo,05,Veneto,Nord-est,ITH37,45020,false,comunegiacciano-protocollo@pec.it,protocollo@comune.giacciano.ro.it,Piazzale G. Marconi n. 1,45020,www.comune.giacciano.ro.it
029028,Guarda Veneta,E240,80002210294,RO,029,Rovigo,05,Veneto,Nord-est,ITH37,45030,false,comune.guardaveneta.ro@pecveneto.it,comune.guardaveneta@comune.guardaveneta.ro.it,"Via Roma, 61",45030,www.comune.guardaveneta.ro.it
029029,Lendinara,E522,82000490290,RO,029,Rovigo,05,Veneto,Nord-est,ITH37,45026,false,segreteria@pec.comune.lendinara.ro.it,"","Piazza Risorgimento, 1",45026,www.comune.lendinara.ro.it
029030,Loreo,E689,00092880293,RO,029,Rovigo,05,Veneto,Nord-est,ITH37,45017,false,protocollo.comune.loreo.ro@pecveneto.it,protocollo@comune.loreo.ro.it,"Piazza Municipio, 4",45017,www.comune.loreo.ro.it
029031,Lusia,E761,00197480296,RO,029,Rovigo,05,Veneto,Nord-est,ITH37,45020,false,economico.finanziario.bertelli.comune.lusia.ro@legalmail.it,"",Via Europa 95,45020,www.comune.lusia.ro.it
029032,Melara,F095,83000370292,RO,029,Rovigo,05,Veneto,Nord-est,ITH37,45037,false,info.comune.melara.ro@pec.it,"","Piazza Bernini, 1",45037,www.comune.melara.ro.it
029033,Occhiobello,F994,00131010290,RO,029,Rovigo,05,Veneto,Nord-est,ITH37,45030,false,occhiobello@postemailcertificata.it,"",Piazza Giacomo Matteotti 15,45030,www.comune.occhiobello.ro.it
029034,Papozze,G323,81001580299,RO,029,Rovigo,05,Veneto,Nord-est,ITH37,45010,false,ragioneria.comune.papozze.ro@pecveneto.it,papozze@comune.papozze.ro.it,"Piazza Liberta',1",45010,www.comune.papozze.ro.it
029035,Pettorazza Grimani,G525,81000570291,RO,029,Rovigo,05,Veneto,Nord-est,ITH37,45010,false,protocollo.comune.pettorazza.ro.it@pecveneto.it,"","Piazza del Municipio, 1",45010,www.comune.pettorazza.ro.it/
029036,Pincara,G673,82000530293,RO,029,Rovigo,05,Veneto,Nord-est,ITH37,45020,false,comune.pincara.ro@pecveneto.it,pincara@comune.pincara.ro.it,"Via G. Matteotti, 287",45020,www.comune.pincara.ro.it
029037,Polesella,G782,00197350291,RO,029,Rovigo,05,Veneto,Nord-est,ITH37,45038,false,protocollo.comune.polesella.ro@pecveneto.it,protocollo@comune.polesella.ro.it,"Piazza Matteotti, 11",45038,www.comune.polesella.ro.it
029038,Pontecchio Polesine,G836,80005630290,RO,029,Rovigo,05,Veneto,Nord-est,ITH37,45030,false,comune.pontecchio.ro@pecveneto.it,info@comune.pontecchio.ro.it,"Piazza G. Matteotti, 47",45030,www.comune.pontecchio.ro.it
029039,Porto Tolle,G923,00201720299,RO,029,Rovigo,05,Veneto,Nord-est,ITH37,45018,false,affarigenerali.comune.portotolle.ro@pecveneto.it,ufficio.protocollo@comune.portotolle.ro.it,"Piazza Ciceruacchio, 9",45018,www.comune.portotolle.ro.it
029040,Rosolina,H573,81004580296,RO,029,Rovigo,05,Veneto,Nord-est,ITH37,45010,false,protocollo@pec.comune.rosolina.ro.it,protocollo@comune.rosolina.ro.it,Viale Guglielmo Marconi 24,45010,www.comune.rosolina.ro.it
029041,Rovigo,H620,00192630291,RO,029,Rovigo,05,Veneto,Nord-est,ITH37,45100,false,comunerovigo@legalmail.it,urp@comune.rovigo.it,"Piazza Vittorio Emanuele II, 1",45100,www.comune.rovigo.it
029042,Salara,H689,00200810299,RO,029,Rovigo,05,Veneto,Nord-est,ITH37,45030,false,info.comune.salara@pec.it,info@comune.salara.ro.it,"Via Roma, 133",45030,www.comune.salara.ro.it
029043,San Bellino,H768,82000550291,RO,029,Rovigo,05,Veneto,Nord-est,ITH37,45020,false,ragioneria.comune.sanbellino.ro@pecveneto.it,"","Piazza Ezio Galvani, 2",45020,www.comune.sanbellino.ro.it
029044,San Martino di Venezze,H996,80001690298,RO,029,Rovigo,05,Veneto,Nord-est,ITH37,45030,false,segreteria@pec.comune.sanmartinodivenezze.ro.it,guido.poli@venezze.it,"Piazza Aldo Moro, 1",45030,www.comune.sanmartinodivenezze.ro.it
029045,Stienta,I953,83000750295,RO,029,Rovigo,05,Veneto,Nord-est,ITH37,45039,false,info@pec.comune.stienta.ro.it,info@comune.stienta.ro.it,"P.zza S.Stefano, 1",45039,www.comune.stienta.ro.it/
029046,Taglio di Po,L026,00197020290,RO,029,Rovigo,05,Veneto,Nord-est,ITH37,"45010,45019",true,up.comune.tagliodipo.ro@pecveneto.it,protocollo@comune.tagliodipo.ro.it,Piazza IV Novembre 5,45019,www.comune.tagliodipo.ro.it
029047,Trecenta,L359,00205230295,RO,029,Rovigo,05,Veneto,Nord-est,ITH37,45027,false,protocollo.comune.trecenta.ro@pecveneto.it,ufficioragioneria@comune.trecenta.ro.it,"Piazza G.marconi,1",45027,http://www.comune.trecenta.ro.it/
029048,Villadose,L939,00196480297,RO,029,Rovigo,05,Veneto,Nord-est,ITH37,45010,false,comune.villadose.ro@pecveneto.it,cristina.destro@comune.villadose.ro.it,Piazza Aldo Moro 24,45010,www.comune.villadose.ro.it
029049,Villamarzana,L967,00227350295,RO,029,Rovigo,05,Veneto,Nord-est,ITH37,45030,false,finanziario.comune.villamarzana.ro@pecveneto.it,segreteria@comune.villamarzana.ro.it,"Via 43 Martiri, 3",45030,www.comune.villamarzana.ro.it
029050,Villanova del Ghebbo,L985,82000570299,RO,029,Rovigo,05,Veneto,Nord-est,ITH37,45020,false,info-comunevillanova@legalmail.it,info@comune.villanovadelghebbo.ro.it,"Via Roma, 75",45020,www.comune.villanovadelghebbo.ro.it
029051,Villanova Marchesana,L988,00192660298,RO,029,Rovigo,05,Veneto,Nord-est,ITH37,45030,false,protocollovillanovamarchesana@pcert.postecert.it,ragioneria@comune.villanovamarchesana.ro.it,Piazza G. Marconi 2,45030,www.comune.villanovamarchesana.ro.it
029052,Porto Viro,G926,01014880296,RO,029,Rovigo,05,Veneto,Nord-est,ITH37,45014,false,comune.portoviro@cert.legalmail.it,segreteria@comune.portoviro.ro.it,Piazza Della Repubblica 23,45014,www.comune.portoviro.ro.it
